file_name,download_link
FloodPop_AFG_1954.tif,https://datacatalogfiles.worldbank.org/ddh-published/0062763/2/DR0089139/GlobalFloodExposure/AFG/FloodPop_AFG_1954.tif
FloodPop_AFG_1955.tif,https://datacatalogfiles.worldbank.org/ddh-published/0062763/2/DR0089139/GlobalFloodExposure/AFG/FloodPop_AFG_1955.tif
FloodPop_AFG_1956.tif,https://datacatalogfiles.worldbank.org/ddh-published/0062763/2/DR0089139/GlobalFloodExposure/AFG/FloodPop_AFG_1956.tif
FloodPop_AFG_1957.tif,https://datacatalogfiles.worldbank.org/ddh-published/0062763/2/DR0089139/GlobalFloodExposure/AFG/FloodPop_AFG_1957.tif
FloodPop_AFG_1958.tif,https://datacatalogfiles.worldbank.org/ddh-published/0062763/2/DR0089139/GlobalFloodExposure/AFG/FloodPop_AFG_1958.tif
FloodPop_AFG_1959.tif,https://datacatalogfiles.worldbank.org/ddh-published/0062763/2/DR0089139/GlobalFloodExposure/AFG/FloodPop_AFG_1959.tif
FloodPop_AFG_1960.tif,https://datacatalogfiles.worldbank.org/ddh-published/0062763/2/DR0089139/GlobalFloodExposure/AFG/FloodPop_AFG_1960.tif
FloodPop_AFG_1961.tif,https://datacatalogfiles.worldbank.org/ddh-published/0062763/2/DR0089139/GlobalFloodExposure/AFG/FloodPop_AFG_1961.tif
FloodPop_AFG_1962.tif,https://datacatalogfiles.worldbank.org/ddh-published/0062763/2/DR0089139/GlobalFloodExposure/AFG/FloodPop_AFG_1962.tif
FloodPop_AFG_1963.tif,https://datacatalogfiles.worldbank.org/ddh-published/0062763/2/DR0089139/GlobalFloodExposure/AFG/FloodPop_AFG_1963.tif
FloodPop_AFG_1964.tif,https://datacatalogfiles.worldbank.org/ddh-published/0062763/2/DR0089139/GlobalFloodExposure/AFG/FloodPop_AFG_1964.tif
FloodPop_AFG_1965.tif,https://datacatalogfiles.worldbank.org/ddh-published/0062763/2/DR0089139/GlobalFloodExposure/AFG/FloodPop_AFG_1965.tif
FloodPop_AFG_1966.tif,https://datacatalogfiles.worldbank.org/ddh-published/0062763/2/DR0089139/GlobalFloodExposure/AFG/FloodPop_AFG_1966.tif
FloodPop_AFG_1967.tif,https://datacatalogfiles.worldbank.org/ddh-published/0062763/2/DR0089139/GlobalFloodExposure/AFG/FloodPop_AFG_1967.tif
FloodPop_AFG_1968.tif,https://datacatalogfiles.worldbank.org/ddh-published/0062763/2/DR0089139/GlobalFloodExposure/AFG/FloodPop_AFG_1968.tif
FloodPop_AFG_1969.tif,https://datacatalogfiles.worldbank.org/ddh-published/0062763/2/DR0089139/GlobalFloodExposure/AFG/FloodPop_AFG_1969.tif
FloodPop_AFG_1970.tif,https://datacatalogfiles.worldbank.org/ddh-published/0062763/2/DR0089139/GlobalFloodExposure/AFG/FloodPop_AFG_1970.tif
FloodPop_AFG_1971.tif,https://datacatalogfiles.worldbank.org/ddh-published/0062763/2/DR0089139/GlobalFloodExposure/AFG/FloodPop_AFG_1971.tif
FloodPop_AFG_1972.tif,https://datacatalogfiles.worldbank.org/ddh-published/0062763/2/DR0089139/GlobalFloodExposure/AFG/FloodPop_AFG_1972.tif
FloodPop_AFG_1973.tif,https://datacatalogfiles.worldbank.org/ddh-published/0062763/2/DR0089139/GlobalFloodExposure/AFG/FloodPop_AFG_1973.tif
FloodPop_AFG_1974.tif,https://datacatalogfiles.worldbank.org/ddh-published/0062763/2/DR0089139/GlobalFloodExposure/AFG/FloodPop_AFG_1974.tif
FloodPop_AFG_1975.tif,https://datacatalogfiles.worldbank.org/ddh-published/0062763/2/DR0089139/GlobalFloodExposure/AFG/FloodPop_AFG_1975.tif
FloodPop_AFG_1976.tif,https://datacatalogfiles.worldbank.org/ddh-published/0062763/2/DR0089139/GlobalFloodExposure/AFG/FloodPop_AFG_1976.tif
FloodPop_AFG_1977.tif,https://datacatalogfiles.worldbank.org/ddh-published/0062763/2/DR0089139/GlobalFloodExposure/AFG/FloodPop_AFG_1977.tif
FloodPop_AFG_1978.tif,https://datacatalogfiles.worldbank.org/ddh-published/0062763/2/DR0089139/GlobalFloodExposure/AFG/FloodPop_AFG_1978.tif
FloodPop_AFG_1979.tif,https://datacatalogfiles.worldbank.org/ddh-published/0062763/2/DR0089139/GlobalFloodExposure/AFG/FloodPop_AFG_1979.tif
FloodPop_AFG_1980.tif,https://datacatalogfiles.worldbank.org/ddh-published/0062763/2/DR0089139/GlobalFloodExposure/AFG/FloodPop_AFG_1980.tif
FloodPop_AFG_1981.tif,https://datacatalogfiles.worldbank.org/ddh-published/0062763/2/DR0089139/GlobalFloodExposure/AFG/FloodPop_AFG_1981.tif
FloodPop_AFG_1982.tif,https://datacatalogfiles.worldbank.org/ddh-published/0062763/2/DR0089139/GlobalFloodExposure/AFG/FloodPop_AFG_1982.tif
FloodPop_AFG_1983.tif,https://datacatalogfiles.worldbank.org/ddh-published/0062763/2/DR0089139/GlobalFloodExposure/AFG/FloodPop_AFG_1983.tif
FloodPop_AFG_1984.tif,https://datacatalogfiles.worldbank.org/ddh-published/0062763/2/DR0089139/GlobalFloodExposure/AFG/FloodPop_AFG_1984.tif
FloodPop_AFG_1985.tif,https://datacatalogfiles.worldbank.org/ddh-published/0062763/2/DR0089139/GlobalFloodExposure/AFG/FloodPop_AFG_1985.tif
FloodPop_AFG_1986.tif,https://datacatalogfiles.worldbank.org/ddh-published/0062763/2/DR0089139/GlobalFloodExposure/AFG/FloodPop_AFG_1986.tif
FloodPop_AFG_1987.tif,https://datacatalogfiles.worldbank.org/ddh-published/0062763/2/DR0089139/GlobalFloodExposure/AFG/FloodPop_AFG_1987.tif
FloodPop_AGO_1586.tif,https://datacatalogfiles.worldbank.org/ddh-published/0062763/2/DR0089139/GlobalFloodExposure/AGO/FloodPop_AGO_1586.tif
FloodPop_AGO_1587.tif,https://datacatalogfiles.worldbank.org/ddh-published/0062763/2/DR0089139/GlobalFloodExposure/AGO/FloodPop_AGO_1587.tif
FloodPop_AGO_1588.tif,https://datacatalogfiles.worldbank.org/ddh-published/0062763/2/DR0089139/GlobalFloodExposure/AGO/FloodPop_AGO_1588.tif
FloodPop_AGO_1589.tif,https://datacatalogfiles.worldbank.org/ddh-published/0062763/2/DR0089139/GlobalFloodExposure/AGO/FloodPop_AGO_1589.tif
FloodPop_AGO_1590.tif,https://datacatalogfiles.worldbank.org/ddh-published/0062763/2/DR0089139/GlobalFloodExposure/AGO/FloodPop_AGO_1590.tif
FloodPop_AGO_1591.tif,https://datacatalogfiles.worldbank.org/ddh-published/0062763/2/DR0089139/GlobalFloodExposure/AGO/FloodPop_AGO_1591.tif
FloodPop_AGO_1592.tif,https://datacatalogfiles.worldbank.org/ddh-published/0062763/2/DR0089139/GlobalFloodExposure/AGO/FloodPop_AGO_1592.tif
FloodPop_AGO_1593.tif,https://datacatalogfiles.worldbank.org/ddh-published/0062763/2/DR0089139/GlobalFloodExposure/AGO/FloodPop_AGO_1593.tif
FloodPop_AGO_1594.tif,https://datacatalogfiles.worldbank.org/ddh-published/0062763/2/DR0089139/GlobalFloodExposure/AGO/FloodPop_AGO_1594.tif
FloodPop_AGO_1595.tif,https://datacatalogfiles.worldbank.org/ddh-published/0062763/2/DR0089139/GlobalFloodExposure/AGO/FloodPop_AGO_1595.tif
FloodPop_AGO_1596.tif,https://datacatalogfiles.worldbank.org/ddh-published/0062763/2/DR0089139/GlobalFloodExposure/AGO/FloodPop_AGO_1596.tif
FloodPop_AGO_1597.tif,https://datacatalogfiles.worldbank.org/ddh-published/0062763/2/DR0089139/GlobalFloodExposure/AGO/FloodPop_AGO_1597.tif
FloodPop_AGO_1598.tif,https://datacatalogfiles.worldbank.org/ddh-published/0062763/2/DR0089139/GlobalFloodExposure/AGO/FloodPop_AGO_1598.tif
FloodPop_AGO_1599.tif,https://datacatalogfiles.worldbank.org/ddh-published/0062763/2/DR0089139/GlobalFloodExposure/AGO/FloodPop_AGO_1599.tif
FloodPop_AGO_1600.tif,https://datacatalogfiles.worldbank.org/ddh-published/0062763/2/DR0089139/GlobalFloodExposure/AGO/FloodPop_AGO_1600.tif
FloodPop_AGO_1601.tif,https://datacatalogfiles.worldbank.org/ddh-published/0062763/2/DR0089139/GlobalFloodExposure/AGO/FloodPop_AGO_1601.tif
FloodPop_AGO_1602.tif,https://datacatalogfiles.worldbank.org/ddh-published/0062763/2/DR0089139/GlobalFloodExposure/AGO/FloodPop_AGO_1602.tif
FloodPop_AGO_1603.tif,https://datacatalogfiles.worldbank.org/ddh-published/0062763/2/DR0089139/GlobalFloodExposure/AGO/FloodPop_AGO_1603.tif
FloodPop_ALB_858.tif,https://datacatalogfiles.worldbank.org/ddh-published/0062763/2/DR0089139/GlobalFloodExposure/ALB/FloodPop_ALB_858.tif
FloodPop_ALB_859.tif,https://datacatalogfiles.worldbank.org/ddh-published/0062763/2/DR0089139/GlobalFloodExposure/ALB/FloodPop_ALB_859.tif
FloodPop_ALB_860.tif,https://datacatalogfiles.worldbank.org/ddh-published/0062763/2/DR0089139/GlobalFloodExposure/ALB/FloodPop_ALB_860.tif
FloodPop_ALB_861.tif,https://datacatalogfiles.worldbank.org/ddh-published/0062763/2/DR0089139/GlobalFloodExposure/ALB/FloodPop_ALB_861.tif
FloodPop_ALB_862.tif,https://datacatalogfiles.worldbank.org/ddh-published/0062763/2/DR0089139/GlobalFloodExposure/ALB/FloodPop_ALB_862.tif
FloodPop_ALB_863.tif,https://datacatalogfiles.worldbank.org/ddh-published/0062763/2/DR0089139/GlobalFloodExposure/ALB/FloodPop_ALB_863.tif
FloodPop_ALB_864.tif,https://datacatalogfiles.worldbank.org/ddh-published/0062763/2/DR0089139/GlobalFloodExposure/ALB/FloodPop_ALB_864.tif
FloodPop_ALB_865.tif,https://datacatalogfiles.worldbank.org/ddh-published/0062763/2/DR0089139/GlobalFloodExposure/ALB/FloodPop_ALB_865.tif
FloodPop_ALB_866.tif,https://datacatalogfiles.worldbank.org/ddh-published/0062763/2/DR0089139/GlobalFloodExposure/ALB/FloodPop_ALB_866.tif
FloodPop_ALB_867.tif,https://datacatalogfiles.worldbank.org/ddh-published/0062763/2/DR0089139/GlobalFloodExposure/ALB/FloodPop_ALB_867.tif
FloodPop_ALB_868.tif,https://datacatalogfiles.worldbank.org/ddh-published/0062763/2/DR0089139/GlobalFloodExposure/ALB/FloodPop_ALB_868.tif
FloodPop_ALB_869.tif,https://datacatalogfiles.worldbank.org/ddh-published/0062763/2/DR0089139/GlobalFloodExposure/ALB/FloodPop_ALB_869.tif
FloodPop_AND_1931.tif,https://datacatalogfiles.worldbank.org/ddh-published/0062763/2/DR0089139/GlobalFloodExposure/AND/FloodPop_AND_1931.tif
FloodPop_AND_1932.tif,https://datacatalogfiles.worldbank.org/ddh-published/0062763/2/DR0089139/GlobalFloodExposure/AND/FloodPop_AND_1932.tif
FloodPop_AND_1933.tif,https://datacatalogfiles.worldbank.org/ddh-published/0062763/2/DR0089139/GlobalFloodExposure/AND/FloodPop_AND_1933.tif
FloodPop_AND_1934.tif,https://datacatalogfiles.worldbank.org/ddh-published/0062763/2/DR0089139/GlobalFloodExposure/AND/FloodPop_AND_1934.tif
FloodPop_AND_1935.tif,https://datacatalogfiles.worldbank.org/ddh-published/0062763/2/DR0089139/GlobalFloodExposure/AND/FloodPop_AND_1935.tif
FloodPop_AND_1936.tif,https://datacatalogfiles.worldbank.org/ddh-published/0062763/2/DR0089139/GlobalFloodExposure/AND/FloodPop_AND_1936.tif
FloodPop_AND_1937.tif,https://datacatalogfiles.worldbank.org/ddh-published/0062763/2/DR0089139/GlobalFloodExposure/AND/FloodPop_AND_1937.tif
FloodPop_ARE_565.tif,https://datacatalogfiles.worldbank.org/ddh-published/0062763/2/DR0089139/GlobalFloodExposure/ARE/FloodPop_ARE_565.tif
FloodPop_ARM_883.tif,https://datacatalogfiles.worldbank.org/ddh-published/0062763/2/DR0089139/GlobalFloodExposure/ARM/FloodPop_ARM_883.tif
FloodPop_ARM_884.tif,https://datacatalogfiles.worldbank.org/ddh-published/0062763/2/DR0089139/GlobalFloodExposure/ARM/FloodPop_ARM_884.tif
FloodPop_ARM_885.tif,https://datacatalogfiles.worldbank.org/ddh-published/0062763/2/DR0089139/GlobalFloodExposure/ARM/FloodPop_ARM_885.tif
FloodPop_ARM_886.tif,https://datacatalogfiles.worldbank.org/ddh-published/0062763/2/DR0089139/GlobalFloodExposure/ARM/FloodPop_ARM_886.tif
FloodPop_ARM_887.tif,https://datacatalogfiles.worldbank.org/ddh-published/0062763/2/DR0089139/GlobalFloodExposure/ARM/FloodPop_ARM_887.tif
FloodPop_ARM_888.tif,https://datacatalogfiles.worldbank.org/ddh-published/0062763/2/DR0089139/GlobalFloodExposure/ARM/FloodPop_ARM_888.tif
FloodPop_ARM_889.tif,https://datacatalogfiles.worldbank.org/ddh-published/0062763/2/DR0089139/GlobalFloodExposure/ARM/FloodPop_ARM_889.tif
FloodPop_ARM_890.tif,https://datacatalogfiles.worldbank.org/ddh-published/0062763/2/DR0089139/GlobalFloodExposure/ARM/FloodPop_ARM_890.tif
FloodPop_ARM_891.tif,https://datacatalogfiles.worldbank.org/ddh-published/0062763/2/DR0089139/GlobalFloodExposure/ARM/FloodPop_ARM_891.tif
FloodPop_ARM_892.tif,https://datacatalogfiles.worldbank.org/ddh-published/0062763/2/DR0089139/GlobalFloodExposure/ARM/FloodPop_ARM_892.tif
FloodPop_ARM_893.tif,https://datacatalogfiles.worldbank.org/ddh-published/0062763/2/DR0089139/GlobalFloodExposure/ARM/FloodPop_ARM_893.tif
FloodPop_ATG_2040.tif,https://datacatalogfiles.worldbank.org/ddh-published/0062763/2/DR0089139/GlobalFloodExposure/ATG/FloodPop_ATG_2040.tif
FloodPop_AUS_26.tif,https://datacatalogfiles.worldbank.org/ddh-published/0062763/2/DR0089139/GlobalFloodExposure/AUS/FloodPop_AUS_26.tif
FloodPop_AUS_27.tif,https://datacatalogfiles.worldbank.org/ddh-published/0062763/2/DR0089139/GlobalFloodExposure/AUS/FloodPop_AUS_27.tif
FloodPop_AUS_28.tif,https://datacatalogfiles.worldbank.org/ddh-published/0062763/2/DR0089139/GlobalFloodExposure/AUS/FloodPop_AUS_28.tif
FloodPop_AUS_29.tif,https://datacatalogfiles.worldbank.org/ddh-published/0062763/2/DR0089139/GlobalFloodExposure/AUS/FloodPop_AUS_29.tif
FloodPop_AUS_30.tif,https://datacatalogfiles.worldbank.org/ddh-published/0062763/2/DR0089139/GlobalFloodExposure/AUS/FloodPop_AUS_30.tif
FloodPop_AUS_31.tif,https://datacatalogfiles.worldbank.org/ddh-published/0062763/2/DR0089139/GlobalFloodExposure/AUS/FloodPop_AUS_31.tif
FloodPop_AUS_32.tif,https://datacatalogfiles.worldbank.org/ddh-published/0062763/2/DR0089139/GlobalFloodExposure/AUS/FloodPop_AUS_32.tif
FloodPop_AUT_894.tif,https://datacatalogfiles.worldbank.org/ddh-published/0062763/2/DR0089139/GlobalFloodExposure/AUT/FloodPop_AUT_894.tif
FloodPop_AUT_895.tif,https://datacatalogfiles.worldbank.org/ddh-published/0062763/2/DR0089139/GlobalFloodExposure/AUT/FloodPop_AUT_895.tif
FloodPop_AUT_896.tif,https://datacatalogfiles.worldbank.org/ddh-published/0062763/2/DR0089139/GlobalFloodExposure/AUT/FloodPop_AUT_896.tif
FloodPop_AZE_1028.tif,https://datacatalogfiles.worldbank.org/ddh-published/0062763/2/DR0089139/GlobalFloodExposure/AZE/FloodPop_AZE_1028.tif
FloodPop_AZE_1029.tif,https://datacatalogfiles.worldbank.org/ddh-published/0062763/2/DR0089139/GlobalFloodExposure/AZE/FloodPop_AZE_1029.tif
FloodPop_AZE_1030.tif,https://datacatalogfiles.worldbank.org/ddh-published/0062763/2/DR0089139/GlobalFloodExposure/AZE/FloodPop_AZE_1030.tif
FloodPop_AZE_1031.tif,https://datacatalogfiles.worldbank.org/ddh-published/0062763/2/DR0089139/GlobalFloodExposure/AZE/FloodPop_AZE_1031.tif
FloodPop_AZE_1032.tif,https://datacatalogfiles.worldbank.org/ddh-published/0062763/2/DR0089139/GlobalFloodExposure/AZE/FloodPop_AZE_1032.tif
FloodPop_AZE_1033.tif,https://datacatalogfiles.worldbank.org/ddh-published/0062763/2/DR0089139/GlobalFloodExposure/AZE/FloodPop_AZE_1033.tif
FloodPop_AZE_1034.tif,https://datacatalogfiles.worldbank.org/ddh-published/0062763/2/DR0089139/GlobalFloodExposure/AZE/FloodPop_AZE_1034.tif
FloodPop_AZE_1035.tif,https://datacatalogfiles.worldbank.org/ddh-published/0062763/2/DR0089139/GlobalFloodExposure/AZE/FloodPop_AZE_1035.tif
FloodPop_AZE_1036.tif,https://datacatalogfiles.worldbank.org/ddh-published/0062763/2/DR0089139/GlobalFloodExposure/AZE/FloodPop_AZE_1036.tif
FloodPop_AZE_1037.tif,https://datacatalogfiles.worldbank.org/ddh-published/0062763/2/DR0089139/GlobalFloodExposure/AZE/FloodPop_AZE_1037.tif
FloodPop_AZE_1952.tif,https://datacatalogfiles.worldbank.org/ddh-published/0062763/2/DR0089139/GlobalFloodExposure/AZE/FloodPop_AZE_1952.tif
FloodPop_BDI_1480.tif,https://datacatalogfiles.worldbank.org/ddh-published/0062763/2/DR0089139/GlobalFloodExposure/BDI/FloodPop_BDI_1480.tif
FloodPop_BDI_1481.tif,https://datacatalogfiles.worldbank.org/ddh-published/0062763/2/DR0089139/GlobalFloodExposure/BDI/FloodPop_BDI_1481.tif
FloodPop_BDI_1482.tif,https://datacatalogfiles.worldbank.org/ddh-published/0062763/2/DR0089139/GlobalFloodExposure/BDI/FloodPop_BDI_1482.tif
FloodPop_BDI_1483.tif,https://datacatalogfiles.worldbank.org/ddh-published/0062763/2/DR0089139/GlobalFloodExposure/BDI/FloodPop_BDI_1483.tif
FloodPop_BDI_1484.tif,https://datacatalogfiles.worldbank.org/ddh-published/0062763/2/DR0089139/GlobalFloodExposure/BDI/FloodPop_BDI_1484.tif
FloodPop_BDI_1485.tif,https://datacatalogfiles.worldbank.org/ddh-published/0062763/2/DR0089139/GlobalFloodExposure/BDI/FloodPop_BDI_1485.tif
FloodPop_BDI_1486.tif,https://datacatalogfiles.worldbank.org/ddh-published/0062763/2/DR0089139/GlobalFloodExposure/BDI/FloodPop_BDI_1486.tif
FloodPop_BDI_1487.tif,https://datacatalogfiles.worldbank.org/ddh-published/0062763/2/DR0089139/GlobalFloodExposure/BDI/FloodPop_BDI_1487.tif
FloodPop_BDI_1488.tif,https://datacatalogfiles.worldbank.org/ddh-published/0062763/2/DR0089139/GlobalFloodExposure/BDI/FloodPop_BDI_1488.tif
FloodPop_BDI_1489.tif,https://datacatalogfiles.worldbank.org/ddh-published/0062763/2/DR0089139/GlobalFloodExposure/BDI/FloodPop_BDI_1489.tif
FloodPop_BDI_1490.tif,https://datacatalogfiles.worldbank.org/ddh-published/0062763/2/DR0089139/GlobalFloodExposure/BDI/FloodPop_BDI_1490.tif
FloodPop_BDI_1491.tif,https://datacatalogfiles.worldbank.org/ddh-published/0062763/2/DR0089139/GlobalFloodExposure/BDI/FloodPop_BDI_1491.tif
FloodPop_BDI_1492.tif,https://datacatalogfiles.worldbank.org/ddh-published/0062763/2/DR0089139/GlobalFloodExposure/BDI/FloodPop_BDI_1492.tif
FloodPop_BDI_1493.tif,https://datacatalogfiles.worldbank.org/ddh-published/0062763/2/DR0089139/GlobalFloodExposure/BDI/FloodPop_BDI_1493.tif
FloodPop_BDI_1494.tif,https://datacatalogfiles.worldbank.org/ddh-published/0062763/2/DR0089139/GlobalFloodExposure/BDI/FloodPop_BDI_1494.tif
FloodPop_BDI_1495.tif,https://datacatalogfiles.worldbank.org/ddh-published/0062763/2/DR0089139/GlobalFloodExposure/BDI/FloodPop_BDI_1495.tif
FloodPop_BDI_1496.tif,https://datacatalogfiles.worldbank.org/ddh-published/0062763/2/DR0089139/GlobalFloodExposure/BDI/FloodPop_BDI_1496.tif
FloodPop_BEL_897.tif,https://datacatalogfiles.worldbank.org/ddh-published/0062763/2/DR0089139/GlobalFloodExposure/BEL/FloodPop_BEL_897.tif
FloodPop_BEL_898.tif,https://datacatalogfiles.worldbank.org/ddh-published/0062763/2/DR0089139/GlobalFloodExposure/BEL/FloodPop_BEL_898.tif
FloodPop_BEL_899.tif,https://datacatalogfiles.worldbank.org/ddh-published/0062763/2/DR0089139/GlobalFloodExposure/BEL/FloodPop_BEL_899.tif
FloodPop_BEN_1741.tif,https://datacatalogfiles.worldbank.org/ddh-published/0062763/2/DR0089139/GlobalFloodExposure/BEN/FloodPop_BEN_1741.tif
FloodPop_BEN_1742.tif,https://datacatalogfiles.worldbank.org/ddh-published/0062763/2/DR0089139/GlobalFloodExposure/BEN/FloodPop_BEN_1742.tif
FloodPop_BEN_1743.tif,https://datacatalogfiles.worldbank.org/ddh-published/0062763/2/DR0089139/GlobalFloodExposure/BEN/FloodPop_BEN_1743.tif
FloodPop_BEN_1744.tif,https://datacatalogfiles.worldbank.org/ddh-published/0062763/2/DR0089139/GlobalFloodExposure/BEN/FloodPop_BEN_1744.tif
FloodPop_BEN_1745.tif,https://datacatalogfiles.worldbank.org/ddh-published/0062763/2/DR0089139/GlobalFloodExposure/BEN/FloodPop_BEN_1745.tif
FloodPop_BEN_1746.tif,https://datacatalogfiles.worldbank.org/ddh-published/0062763/2/DR0089139/GlobalFloodExposure/BEN/FloodPop_BEN_1746.tif
FloodPop_BEN_1747.tif,https://datacatalogfiles.worldbank.org/ddh-published/0062763/2/DR0089139/GlobalFloodExposure/BEN/FloodPop_BEN_1747.tif
FloodPop_BEN_1748.tif,https://datacatalogfiles.worldbank.org/ddh-published/0062763/2/DR0089139/GlobalFloodExposure/BEN/FloodPop_BEN_1748.tif
FloodPop_BEN_1749.tif,https://datacatalogfiles.worldbank.org/ddh-published/0062763/2/DR0089139/GlobalFloodExposure/BEN/FloodPop_BEN_1749.tif
FloodPop_BEN_1750.tif,https://datacatalogfiles.worldbank.org/ddh-published/0062763/2/DR0089139/GlobalFloodExposure/BEN/FloodPop_BEN_1750.tif
FloodPop_BEN_1751.tif,https://datacatalogfiles.worldbank.org/ddh-published/0062763/2/DR0089139/GlobalFloodExposure/BEN/FloodPop_BEN_1751.tif
FloodPop_BEN_1752.tif,https://datacatalogfiles.worldbank.org/ddh-published/0062763/2/DR0089139/GlobalFloodExposure/BEN/FloodPop_BEN_1752.tif
FloodPop_BFA_1753.tif,https://datacatalogfiles.worldbank.org/ddh-published/0062763/2/DR0089139/GlobalFloodExposure/BFA/FloodPop_BFA_1753.tif
FloodPop_BFA_1754.tif,https://datacatalogfiles.worldbank.org/ddh-published/0062763/2/DR0089139/GlobalFloodExposure/BFA/FloodPop_BFA_1754.tif
FloodPop_BFA_1755.tif,https://datacatalogfiles.worldbank.org/ddh-published/0062763/2/DR0089139/GlobalFloodExposure/BFA/FloodPop_BFA_1755.tif
FloodPop_BFA_1756.tif,https://datacatalogfiles.worldbank.org/ddh-published/0062763/2/DR0089139/GlobalFloodExposure/BFA/FloodPop_BFA_1756.tif
FloodPop_BFA_1757.tif,https://datacatalogfiles.worldbank.org/ddh-published/0062763/2/DR0089139/GlobalFloodExposure/BFA/FloodPop_BFA_1757.tif
FloodPop_BFA_1758.tif,https://datacatalogfiles.worldbank.org/ddh-published/0062763/2/DR0089139/GlobalFloodExposure/BFA/FloodPop_BFA_1758.tif
FloodPop_BFA_1759.tif,https://datacatalogfiles.worldbank.org/ddh-published/0062763/2/DR0089139/GlobalFloodExposure/BFA/FloodPop_BFA_1759.tif
FloodPop_BFA_1760.tif,https://datacatalogfiles.worldbank.org/ddh-published/0062763/2/DR0089139/GlobalFloodExposure/BFA/FloodPop_BFA_1760.tif
FloodPop_BFA_1761.tif,https://datacatalogfiles.worldbank.org/ddh-published/0062763/2/DR0089139/GlobalFloodExposure/BFA/FloodPop_BFA_1761.tif
FloodPop_BFA_1762.tif,https://datacatalogfiles.worldbank.org/ddh-published/0062763/2/DR0089139/GlobalFloodExposure/BFA/FloodPop_BFA_1762.tif
FloodPop_BFA_1763.tif,https://datacatalogfiles.worldbank.org/ddh-published/0062763/2/DR0089139/GlobalFloodExposure/BFA/FloodPop_BFA_1763.tif
FloodPop_BFA_1764.tif,https://datacatalogfiles.worldbank.org/ddh-published/0062763/2/DR0089139/GlobalFloodExposure/BFA/FloodPop_BFA_1764.tif
FloodPop_BFA_1765.tif,https://datacatalogfiles.worldbank.org/ddh-published/0062763/2/DR0089139/GlobalFloodExposure/BFA/FloodPop_BFA_1765.tif
FloodPop_BGD_1073.tif,https://datacatalogfiles.worldbank.org/ddh-published/0062763/2/DR0089139/GlobalFloodExposure/BGD/FloodPop_BGD_1073.tif
FloodPop_BGD_1074.tif,https://datacatalogfiles.worldbank.org/ddh-published/0062763/2/DR0089139/GlobalFloodExposure/BGD/FloodPop_BGD_1074.tif
FloodPop_BGD_1075.tif,https://datacatalogfiles.worldbank.org/ddh-published/0062763/2/DR0089139/GlobalFloodExposure/BGD/FloodPop_BGD_1075.tif
FloodPop_BGD_1076.tif,https://datacatalogfiles.worldbank.org/ddh-published/0062763/2/DR0089139/GlobalFloodExposure/BGD/FloodPop_BGD_1076.tif
FloodPop_BGD_1077.tif,https://datacatalogfiles.worldbank.org/ddh-published/0062763/2/DR0089139/GlobalFloodExposure/BGD/FloodPop_BGD_1077.tif
FloodPop_BGD_1078.tif,https://datacatalogfiles.worldbank.org/ddh-published/0062763/2/DR0089139/GlobalFloodExposure/BGD/FloodPop_BGD_1078.tif
FloodPop_BGD_1079.tif,https://datacatalogfiles.worldbank.org/ddh-published/0062763/2/DR0089139/GlobalFloodExposure/BGD/FloodPop_BGD_1079.tif
FloodPop_BGR_900.tif,https://datacatalogfiles.worldbank.org/ddh-published/0062763/2/DR0089139/GlobalFloodExposure/BGR/FloodPop_BGR_900.tif
FloodPop_BGR_901.tif,https://datacatalogfiles.worldbank.org/ddh-published/0062763/2/DR0089139/GlobalFloodExposure/BGR/FloodPop_BGR_901.tif
FloodPop_BHS_2042.tif,https://datacatalogfiles.worldbank.org/ddh-published/0062763/2/DR0089139/GlobalFloodExposure/BHS/FloodPop_BHS_2042.tif
FloodPop_BIH_870.tif,https://datacatalogfiles.worldbank.org/ddh-published/0062763/2/DR0089139/GlobalFloodExposure/BIH/FloodPop_BIH_870.tif
FloodPop_BIH_871.tif,https://datacatalogfiles.worldbank.org/ddh-published/0062763/2/DR0089139/GlobalFloodExposure/BIH/FloodPop_BIH_871.tif
FloodPop_BIH_872.tif,https://datacatalogfiles.worldbank.org/ddh-published/0062763/2/DR0089139/GlobalFloodExposure/BIH/FloodPop_BIH_872.tif
FloodPop_BLR_987.tif,https://datacatalogfiles.worldbank.org/ddh-published/0062763/2/DR0089139/GlobalFloodExposure/BLR/FloodPop_BLR_987.tif
FloodPop_BLR_988.tif,https://datacatalogfiles.worldbank.org/ddh-published/0062763/2/DR0089139/GlobalFloodExposure/BLR/FloodPop_BLR_988.tif
FloodPop_BLR_989.tif,https://datacatalogfiles.worldbank.org/ddh-published/0062763/2/DR0089139/GlobalFloodExposure/BLR/FloodPop_BLR_989.tif
FloodPop_BLR_990.tif,https://datacatalogfiles.worldbank.org/ddh-published/0062763/2/DR0089139/GlobalFloodExposure/BLR/FloodPop_BLR_990.tif
FloodPop_BLR_991.tif,https://datacatalogfiles.worldbank.org/ddh-published/0062763/2/DR0089139/GlobalFloodExposure/BLR/FloodPop_BLR_991.tif
FloodPop_BLR_992.tif,https://datacatalogfiles.worldbank.org/ddh-published/0062763/2/DR0089139/GlobalFloodExposure/BLR/FloodPop_BLR_992.tif
FloodPop_BLR_993.tif,https://datacatalogfiles.worldbank.org/ddh-published/0062763/2/DR0089139/GlobalFloodExposure/BLR/FloodPop_BLR_993.tif
FloodPop_BLZ_202.tif,https://datacatalogfiles.worldbank.org/ddh-published/0062763/2/DR0089139/GlobalFloodExposure/BLZ/FloodPop_BLZ_202.tif
FloodPop_BLZ_203.tif,https://datacatalogfiles.worldbank.org/ddh-published/0062763/2/DR0089139/GlobalFloodExposure/BLZ/FloodPop_BLZ_203.tif
FloodPop_BLZ_204.tif,https://datacatalogfiles.worldbank.org/ddh-published/0062763/2/DR0089139/GlobalFloodExposure/BLZ/FloodPop_BLZ_204.tif
FloodPop_BLZ_205.tif,https://datacatalogfiles.worldbank.org/ddh-published/0062763/2/DR0089139/GlobalFloodExposure/BLZ/FloodPop_BLZ_205.tif
FloodPop_BLZ_206.tif,https://datacatalogfiles.worldbank.org/ddh-published/0062763/2/DR0089139/GlobalFloodExposure/BLZ/FloodPop_BLZ_206.tif
FloodPop_BLZ_207.tif,https://datacatalogfiles.worldbank.org/ddh-published/0062763/2/DR0089139/GlobalFloodExposure/BLZ/FloodPop_BLZ_207.tif
FloodPop_BOL_1288.tif,https://datacatalogfiles.worldbank.org/ddh-published/0062763/2/DR0089139/GlobalFloodExposure/BOL/FloodPop_BOL_1288.tif
FloodPop_BOL_1289.tif,https://datacatalogfiles.worldbank.org/ddh-published/0062763/2/DR0089139/GlobalFloodExposure/BOL/FloodPop_BOL_1289.tif
FloodPop_BOL_1290.tif,https://datacatalogfiles.worldbank.org/ddh-published/0062763/2/DR0089139/GlobalFloodExposure/BOL/FloodPop_BOL_1290.tif
FloodPop_BOL_1291.tif,https://datacatalogfiles.worldbank.org/ddh-published/0062763/2/DR0089139/GlobalFloodExposure/BOL/FloodPop_BOL_1291.tif
FloodPop_BOL_1292.tif,https://datacatalogfiles.worldbank.org/ddh-published/0062763/2/DR0089139/GlobalFloodExposure/BOL/FloodPop_BOL_1292.tif
FloodPop_BOL_1293.tif,https://datacatalogfiles.worldbank.org/ddh-published/0062763/2/DR0089139/GlobalFloodExposure/BOL/FloodPop_BOL_1293.tif
FloodPop_BOL_1294.tif,https://datacatalogfiles.worldbank.org/ddh-published/0062763/2/DR0089139/GlobalFloodExposure/BOL/FloodPop_BOL_1294.tif
FloodPop_BOL_1295.tif,https://datacatalogfiles.worldbank.org/ddh-published/0062763/2/DR0089139/GlobalFloodExposure/BOL/FloodPop_BOL_1295.tif
FloodPop_BOL_1296.tif,https://datacatalogfiles.worldbank.org/ddh-published/0062763/2/DR0089139/GlobalFloodExposure/BOL/FloodPop_BOL_1296.tif
FloodPop_BRA_1297.tif,https://datacatalogfiles.worldbank.org/ddh-published/0062763/2/DR0089139/GlobalFloodExposure/BRA/FloodPop_BRA_1297.tif
FloodPop_BRA_1298.tif,https://datacatalogfiles.worldbank.org/ddh-published/0062763/2/DR0089139/GlobalFloodExposure/BRA/FloodPop_BRA_1298.tif
FloodPop_BRA_1299.tif,https://datacatalogfiles.worldbank.org/ddh-published/0062763/2/DR0089139/GlobalFloodExposure/BRA/FloodPop_BRA_1299.tif
FloodPop_BRA_1300.tif,https://datacatalogfiles.worldbank.org/ddh-published/0062763/2/DR0089139/GlobalFloodExposure/BRA/FloodPop_BRA_1300.tif
FloodPop_BRA_1301.tif,https://datacatalogfiles.worldbank.org/ddh-published/0062763/2/DR0089139/GlobalFloodExposure/BRA/FloodPop_BRA_1301.tif
FloodPop_BRA_1302.tif,https://datacatalogfiles.worldbank.org/ddh-published/0062763/2/DR0089139/GlobalFloodExposure/BRA/FloodPop_BRA_1302.tif
FloodPop_BRA_1303.tif,https://datacatalogfiles.worldbank.org/ddh-published/0062763/2/DR0089139/GlobalFloodExposure/BRA/FloodPop_BRA_1303.tif
FloodPop_BRA_1304.tif,https://datacatalogfiles.worldbank.org/ddh-published/0062763/2/DR0089139/GlobalFloodExposure/BRA/FloodPop_BRA_1304.tif
FloodPop_BRA_1305.tif,https://datacatalogfiles.worldbank.org/ddh-published/0062763/2/DR0089139/GlobalFloodExposure/BRA/FloodPop_BRA_1305.tif
FloodPop_BRA_1306.tif,https://datacatalogfiles.worldbank.org/ddh-published/0062763/2/DR0089139/GlobalFloodExposure/BRA/FloodPop_BRA_1306.tif
FloodPop_BRA_1307.tif,https://datacatalogfiles.worldbank.org/ddh-published/0062763/2/DR0089139/GlobalFloodExposure/BRA/FloodPop_BRA_1307.tif
FloodPop_BRA_1308.tif,https://datacatalogfiles.worldbank.org/ddh-published/0062763/2/DR0089139/GlobalFloodExposure/BRA/FloodPop_BRA_1308.tif
FloodPop_BRA_1309.tif,https://datacatalogfiles.worldbank.org/ddh-published/0062763/2/DR0089139/GlobalFloodExposure/BRA/FloodPop_BRA_1309.tif
FloodPop_BRA_1310.tif,https://datacatalogfiles.worldbank.org/ddh-published/0062763/2/DR0089139/GlobalFloodExposure/BRA/FloodPop_BRA_1310.tif
FloodPop_BRA_1311.tif,https://datacatalogfiles.worldbank.org/ddh-published/0062763/2/DR0089139/GlobalFloodExposure/BRA/FloodPop_BRA_1311.tif
FloodPop_BRB_2043.tif,https://datacatalogfiles.worldbank.org/ddh-published/0062763/2/DR0089139/GlobalFloodExposure/BRB/FloodPop_BRB_2043.tif
FloodPop_BRN_2029.tif,https://datacatalogfiles.worldbank.org/ddh-published/0062763/2/DR0089139/GlobalFloodExposure/BRN/FloodPop_BRN_2029.tif
FloodPop_BRN_2030.tif,https://datacatalogfiles.worldbank.org/ddh-published/0062763/2/DR0089139/GlobalFloodExposure/BRN/FloodPop_BRN_2030.tif
FloodPop_BRN_2031.tif,https://datacatalogfiles.worldbank.org/ddh-published/0062763/2/DR0089139/GlobalFloodExposure/BRN/FloodPop_BRN_2031.tif
FloodPop_BRN_2032.tif,https://datacatalogfiles.worldbank.org/ddh-published/0062763/2/DR0089139/GlobalFloodExposure/BRN/FloodPop_BRN_2032.tif
FloodPop_BTN_1080.tif,https://datacatalogfiles.worldbank.org/ddh-published/0062763/2/DR0089139/GlobalFloodExposure/BTN/FloodPop_BTN_1080.tif
FloodPop_BTN_1081.tif,https://datacatalogfiles.worldbank.org/ddh-published/0062763/2/DR0089139/GlobalFloodExposure/BTN/FloodPop_BTN_1081.tif
FloodPop_BTN_1082.tif,https://datacatalogfiles.worldbank.org/ddh-published/0062763/2/DR0089139/GlobalFloodExposure/BTN/FloodPop_BTN_1082.tif
FloodPop_BTN_1083.tif,https://datacatalogfiles.worldbank.org/ddh-published/0062763/2/DR0089139/GlobalFloodExposure/BTN/FloodPop_BTN_1083.tif
FloodPop_BTN_1084.tif,https://datacatalogfiles.worldbank.org/ddh-published/0062763/2/DR0089139/GlobalFloodExposure/BTN/FloodPop_BTN_1084.tif
FloodPop_BTN_1085.tif,https://datacatalogfiles.worldbank.org/ddh-published/0062763/2/DR0089139/GlobalFloodExposure/BTN/FloodPop_BTN_1085.tif
FloodPop_BTN_1086.tif,https://datacatalogfiles.worldbank.org/ddh-published/0062763/2/DR0089139/GlobalFloodExposure/BTN/FloodPop_BTN_1086.tif
FloodPop_BTN_1087.tif,https://datacatalogfiles.worldbank.org/ddh-published/0062763/2/DR0089139/GlobalFloodExposure/BTN/FloodPop_BTN_1087.tif
FloodPop_BTN_1088.tif,https://datacatalogfiles.worldbank.org/ddh-published/0062763/2/DR0089139/GlobalFloodExposure/BTN/FloodPop_BTN_1088.tif
FloodPop_BTN_1089.tif,https://datacatalogfiles.worldbank.org/ddh-published/0062763/2/DR0089139/GlobalFloodExposure/BTN/FloodPop_BTN_1089.tif
FloodPop_BTN_1090.tif,https://datacatalogfiles.worldbank.org/ddh-published/0062763/2/DR0089139/GlobalFloodExposure/BTN/FloodPop_BTN_1090.tif
FloodPop_BTN_1091.tif,https://datacatalogfiles.worldbank.org/ddh-published/0062763/2/DR0089139/GlobalFloodExposure/BTN/FloodPop_BTN_1091.tif
FloodPop_BTN_1092.tif,https://datacatalogfiles.worldbank.org/ddh-published/0062763/2/DR0089139/GlobalFloodExposure/BTN/FloodPop_BTN_1092.tif
FloodPop_BTN_1093.tif,https://datacatalogfiles.worldbank.org/ddh-published/0062763/2/DR0089139/GlobalFloodExposure/BTN/FloodPop_BTN_1093.tif
FloodPop_BTN_1094.tif,https://datacatalogfiles.worldbank.org/ddh-published/0062763/2/DR0089139/GlobalFloodExposure/BTN/FloodPop_BTN_1094.tif
FloodPop_BTN_1095.tif,https://datacatalogfiles.worldbank.org/ddh-published/0062763/2/DR0089139/GlobalFloodExposure/BTN/FloodPop_BTN_1095.tif
FloodPop_BTN_1096.tif,https://datacatalogfiles.worldbank.org/ddh-published/0062763/2/DR0089139/GlobalFloodExposure/BTN/FloodPop_BTN_1096.tif
FloodPop_BTN_1097.tif,https://datacatalogfiles.worldbank.org/ddh-published/0062763/2/DR0089139/GlobalFloodExposure/BTN/FloodPop_BTN_1097.tif
FloodPop_BTN_1098.tif,https://datacatalogfiles.worldbank.org/ddh-published/0062763/2/DR0089139/GlobalFloodExposure/BTN/FloodPop_BTN_1098.tif
FloodPop_BTN_1099.tif,https://datacatalogfiles.worldbank.org/ddh-published/0062763/2/DR0089139/GlobalFloodExposure/BTN/FloodPop_BTN_1099.tif
FloodPop_BWA_624.tif,https://datacatalogfiles.worldbank.org/ddh-published/0062763/2/DR0089139/GlobalFloodExposure/BWA/FloodPop_BWA_624.tif
FloodPop_BWA_625.tif,https://datacatalogfiles.worldbank.org/ddh-published/0062763/2/DR0089139/GlobalFloodExposure/BWA/FloodPop_BWA_625.tif
FloodPop_BWA_626.tif,https://datacatalogfiles.worldbank.org/ddh-published/0062763/2/DR0089139/GlobalFloodExposure/BWA/FloodPop_BWA_626.tif
FloodPop_BWA_627.tif,https://datacatalogfiles.worldbank.org/ddh-published/0062763/2/DR0089139/GlobalFloodExposure/BWA/FloodPop_BWA_627.tif
FloodPop_BWA_628.tif,https://datacatalogfiles.worldbank.org/ddh-published/0062763/2/DR0089139/GlobalFloodExposure/BWA/FloodPop_BWA_628.tif
FloodPop_BWA_629.tif,https://datacatalogfiles.worldbank.org/ddh-published/0062763/2/DR0089139/GlobalFloodExposure/BWA/FloodPop_BWA_629.tif
FloodPop_BWA_630.tif,https://datacatalogfiles.worldbank.org/ddh-published/0062763/2/DR0089139/GlobalFloodExposure/BWA/FloodPop_BWA_630.tif
FloodPop_CAF_1473.tif,https://datacatalogfiles.worldbank.org/ddh-published/0062763/2/DR0089139/GlobalFloodExposure/CAF/FloodPop_CAF_1473.tif
FloodPop_CAF_1474.tif,https://datacatalogfiles.worldbank.org/ddh-published/0062763/2/DR0089139/GlobalFloodExposure/CAF/FloodPop_CAF_1474.tif
FloodPop_CAF_1475.tif,https://datacatalogfiles.worldbank.org/ddh-published/0062763/2/DR0089139/GlobalFloodExposure/CAF/FloodPop_CAF_1475.tif
FloodPop_CAF_1476.tif,https://datacatalogfiles.worldbank.org/ddh-published/0062763/2/DR0089139/GlobalFloodExposure/CAF/FloodPop_CAF_1476.tif
FloodPop_CAF_1477.tif,https://datacatalogfiles.worldbank.org/ddh-published/0062763/2/DR0089139/GlobalFloodExposure/CAF/FloodPop_CAF_1477.tif
FloodPop_CAF_1478.tif,https://datacatalogfiles.worldbank.org/ddh-published/0062763/2/DR0089139/GlobalFloodExposure/CAF/FloodPop_CAF_1478.tif
FloodPop_CAF_1479.tif,https://datacatalogfiles.worldbank.org/ddh-published/0062763/2/DR0089139/GlobalFloodExposure/CAF/FloodPop_CAF_1479.tif
FloodPop_CAN_2255.tif,https://datacatalogfiles.worldbank.org/ddh-published/0062763/2/DR0089139/GlobalFloodExposure/CAN/FloodPop_CAN_2255.tif
FloodPop_CAN_548.tif,https://datacatalogfiles.worldbank.org/ddh-published/0062763/2/DR0089139/GlobalFloodExposure/CAN/FloodPop_CAN_548.tif
FloodPop_CAN_549.tif,https://datacatalogfiles.worldbank.org/ddh-published/0062763/2/DR0089139/GlobalFloodExposure/CAN/FloodPop_CAN_549.tif
FloodPop_CAN_550.tif,https://datacatalogfiles.worldbank.org/ddh-published/0062763/2/DR0089139/GlobalFloodExposure/CAN/FloodPop_CAN_550.tif
FloodPop_CAN_551.tif,https://datacatalogfiles.worldbank.org/ddh-published/0062763/2/DR0089139/GlobalFloodExposure/CAN/FloodPop_CAN_551.tif
FloodPop_CAN_552.tif,https://datacatalogfiles.worldbank.org/ddh-published/0062763/2/DR0089139/GlobalFloodExposure/CAN/FloodPop_CAN_552.tif
FloodPop_CAN_553.tif,https://datacatalogfiles.worldbank.org/ddh-published/0062763/2/DR0089139/GlobalFloodExposure/CAN/FloodPop_CAN_553.tif
FloodPop_CAN_554.tif,https://datacatalogfiles.worldbank.org/ddh-published/0062763/2/DR0089139/GlobalFloodExposure/CAN/FloodPop_CAN_554.tif
FloodPop_CAN_555.tif,https://datacatalogfiles.worldbank.org/ddh-published/0062763/2/DR0089139/GlobalFloodExposure/CAN/FloodPop_CAN_555.tif
FloodPop_CAN_556.tif,https://datacatalogfiles.worldbank.org/ddh-published/0062763/2/DR0089139/GlobalFloodExposure/CAN/FloodPop_CAN_556.tif
FloodPop_CAN_557.tif,https://datacatalogfiles.worldbank.org/ddh-published/0062763/2/DR0089139/GlobalFloodExposure/CAN/FloodPop_CAN_557.tif
FloodPop_CHE_234.tif,https://datacatalogfiles.worldbank.org/ddh-published/0062763/2/DR0089139/GlobalFloodExposure/CHE/FloodPop_CHE_234.tif
FloodPop_CHE_235.tif,https://datacatalogfiles.worldbank.org/ddh-published/0062763/2/DR0089139/GlobalFloodExposure/CHE/FloodPop_CHE_235.tif
FloodPop_CHE_236.tif,https://datacatalogfiles.worldbank.org/ddh-published/0062763/2/DR0089139/GlobalFloodExposure/CHE/FloodPop_CHE_236.tif
FloodPop_CHE_237.tif,https://datacatalogfiles.worldbank.org/ddh-published/0062763/2/DR0089139/GlobalFloodExposure/CHE/FloodPop_CHE_237.tif
FloodPop_CHE_238.tif,https://datacatalogfiles.worldbank.org/ddh-published/0062763/2/DR0089139/GlobalFloodExposure/CHE/FloodPop_CHE_238.tif
FloodPop_CHE_239.tif,https://datacatalogfiles.worldbank.org/ddh-published/0062763/2/DR0089139/GlobalFloodExposure/CHE/FloodPop_CHE_239.tif
FloodPop_CHE_240.tif,https://datacatalogfiles.worldbank.org/ddh-published/0062763/2/DR0089139/GlobalFloodExposure/CHE/FloodPop_CHE_240.tif
FloodPop_CHL_208.tif,https://datacatalogfiles.worldbank.org/ddh-published/0062763/2/DR0089139/GlobalFloodExposure/CHL/FloodPop_CHL_208.tif
FloodPop_CHL_209.tif,https://datacatalogfiles.worldbank.org/ddh-published/0062763/2/DR0089139/GlobalFloodExposure/CHL/FloodPop_CHL_209.tif
FloodPop_CHL_210.tif,https://datacatalogfiles.worldbank.org/ddh-published/0062763/2/DR0089139/GlobalFloodExposure/CHL/FloodPop_CHL_210.tif
FloodPop_CHL_211.tif,https://datacatalogfiles.worldbank.org/ddh-published/0062763/2/DR0089139/GlobalFloodExposure/CHL/FloodPop_CHL_211.tif
FloodPop_CHL_212.tif,https://datacatalogfiles.worldbank.org/ddh-published/0062763/2/DR0089139/GlobalFloodExposure/CHL/FloodPop_CHL_212.tif
FloodPop_CHL_213.tif,https://datacatalogfiles.worldbank.org/ddh-published/0062763/2/DR0089139/GlobalFloodExposure/CHL/FloodPop_CHL_213.tif
FloodPop_CHL_214.tif,https://datacatalogfiles.worldbank.org/ddh-published/0062763/2/DR0089139/GlobalFloodExposure/CHL/FloodPop_CHL_214.tif
FloodPop_CHL_215.tif,https://datacatalogfiles.worldbank.org/ddh-published/0062763/2/DR0089139/GlobalFloodExposure/CHL/FloodPop_CHL_215.tif
FloodPop_CHL_216.tif,https://datacatalogfiles.worldbank.org/ddh-published/0062763/2/DR0089139/GlobalFloodExposure/CHL/FloodPop_CHL_216.tif
FloodPop_CHL_217.tif,https://datacatalogfiles.worldbank.org/ddh-published/0062763/2/DR0089139/GlobalFloodExposure/CHL/FloodPop_CHL_217.tif
FloodPop_CHL_218.tif,https://datacatalogfiles.worldbank.org/ddh-published/0062763/2/DR0089139/GlobalFloodExposure/CHL/FloodPop_CHL_218.tif
FloodPop_CHL_219.tif,https://datacatalogfiles.worldbank.org/ddh-published/0062763/2/DR0089139/GlobalFloodExposure/CHL/FloodPop_CHL_219.tif
FloodPop_CHL_220.tif,https://datacatalogfiles.worldbank.org/ddh-published/0062763/2/DR0089139/GlobalFloodExposure/CHL/FloodPop_CHL_220.tif
FloodPop_CHL_221.tif,https://datacatalogfiles.worldbank.org/ddh-published/0062763/2/DR0089139/GlobalFloodExposure/CHL/FloodPop_CHL_221.tif
FloodPop_CHL_222.tif,https://datacatalogfiles.worldbank.org/ddh-published/0062763/2/DR0089139/GlobalFloodExposure/CHL/FloodPop_CHL_222.tif
FloodPop_CHL_223.tif,https://datacatalogfiles.worldbank.org/ddh-published/0062763/2/DR0089139/GlobalFloodExposure/CHL/FloodPop_CHL_223.tif
FloodPop_CHN_1862.tif,https://datacatalogfiles.worldbank.org/ddh-published/0062763/2/DR0089139/GlobalFloodExposure/CHN/FloodPop_CHN_1862.tif
FloodPop_CHN_1863.tif,https://datacatalogfiles.worldbank.org/ddh-published/0062763/2/DR0089139/GlobalFloodExposure/CHN/FloodPop_CHN_1863.tif
FloodPop_CHN_1864.tif,https://datacatalogfiles.worldbank.org/ddh-published/0062763/2/DR0089139/GlobalFloodExposure/CHN/FloodPop_CHN_1864.tif
FloodPop_CHN_1865.tif,https://datacatalogfiles.worldbank.org/ddh-published/0062763/2/DR0089139/GlobalFloodExposure/CHN/FloodPop_CHN_1865.tif
FloodPop_CHN_1866.tif,https://datacatalogfiles.worldbank.org/ddh-published/0062763/2/DR0089139/GlobalFloodExposure/CHN/FloodPop_CHN_1866.tif
FloodPop_CHN_1867.tif,https://datacatalogfiles.worldbank.org/ddh-published/0062763/2/DR0089139/GlobalFloodExposure/CHN/FloodPop_CHN_1867.tif
FloodPop_CHN_1868.tif,https://datacatalogfiles.worldbank.org/ddh-published/0062763/2/DR0089139/GlobalFloodExposure/CHN/FloodPop_CHN_1868.tif
FloodPop_CHN_1869.tif,https://datacatalogfiles.worldbank.org/ddh-published/0062763/2/DR0089139/GlobalFloodExposure/CHN/FloodPop_CHN_1869.tif
FloodPop_CHN_1870.tif,https://datacatalogfiles.worldbank.org/ddh-published/0062763/2/DR0089139/GlobalFloodExposure/CHN/FloodPop_CHN_1870.tif
FloodPop_CHN_1871.tif,https://datacatalogfiles.worldbank.org/ddh-published/0062763/2/DR0089139/GlobalFloodExposure/CHN/FloodPop_CHN_1871.tif
FloodPop_CHN_1872.tif,https://datacatalogfiles.worldbank.org/ddh-published/0062763/2/DR0089139/GlobalFloodExposure/CHN/FloodPop_CHN_1872.tif
FloodPop_CHN_1873.tif,https://datacatalogfiles.worldbank.org/ddh-published/0062763/2/DR0089139/GlobalFloodExposure/CHN/FloodPop_CHN_1873.tif
FloodPop_CHN_1874.tif,https://datacatalogfiles.worldbank.org/ddh-published/0062763/2/DR0089139/GlobalFloodExposure/CHN/FloodPop_CHN_1874.tif
FloodPop_CHN_1875.tif,https://datacatalogfiles.worldbank.org/ddh-published/0062763/2/DR0089139/GlobalFloodExposure/CHN/FloodPop_CHN_1875.tif
FloodPop_CHN_1876.tif,https://datacatalogfiles.worldbank.org/ddh-published/0062763/2/DR0089139/GlobalFloodExposure/CHN/FloodPop_CHN_1876.tif
FloodPop_CHN_1877.tif,https://datacatalogfiles.worldbank.org/ddh-published/0062763/2/DR0089139/GlobalFloodExposure/CHN/FloodPop_CHN_1877.tif
FloodPop_CHN_1878.tif,https://datacatalogfiles.worldbank.org/ddh-published/0062763/2/DR0089139/GlobalFloodExposure/CHN/FloodPop_CHN_1878.tif
FloodPop_CHN_1879.tif,https://datacatalogfiles.worldbank.org/ddh-published/0062763/2/DR0089139/GlobalFloodExposure/CHN/FloodPop_CHN_1879.tif
FloodPop_CHN_1880.tif,https://datacatalogfiles.worldbank.org/ddh-published/0062763/2/DR0089139/GlobalFloodExposure/CHN/FloodPop_CHN_1880.tif
FloodPop_CHN_1881.tif,https://datacatalogfiles.worldbank.org/ddh-published/0062763/2/DR0089139/GlobalFloodExposure/CHN/FloodPop_CHN_1881.tif
FloodPop_CHN_1882.tif,https://datacatalogfiles.worldbank.org/ddh-published/0062763/2/DR0089139/GlobalFloodExposure/CHN/FloodPop_CHN_1882.tif
FloodPop_CHN_1883.tif,https://datacatalogfiles.worldbank.org/ddh-published/0062763/2/DR0089139/GlobalFloodExposure/CHN/FloodPop_CHN_1883.tif
FloodPop_CHN_1884.tif,https://datacatalogfiles.worldbank.org/ddh-published/0062763/2/DR0089139/GlobalFloodExposure/CHN/FloodPop_CHN_1884.tif
FloodPop_CHN_1885.tif,https://datacatalogfiles.worldbank.org/ddh-published/0062763/2/DR0089139/GlobalFloodExposure/CHN/FloodPop_CHN_1885.tif
FloodPop_CHN_1886.tif,https://datacatalogfiles.worldbank.org/ddh-published/0062763/2/DR0089139/GlobalFloodExposure/CHN/FloodPop_CHN_1886.tif
FloodPop_CHN_1887.tif,https://datacatalogfiles.worldbank.org/ddh-published/0062763/2/DR0089139/GlobalFloodExposure/CHN/FloodPop_CHN_1887.tif
FloodPop_CHN_1888.tif,https://datacatalogfiles.worldbank.org/ddh-published/0062763/2/DR0089139/GlobalFloodExposure/CHN/FloodPop_CHN_1888.tif
FloodPop_CHN_1889.tif,https://datacatalogfiles.worldbank.org/ddh-published/0062763/2/DR0089139/GlobalFloodExposure/CHN/FloodPop_CHN_1889.tif
FloodPop_CHN_1890.tif,https://datacatalogfiles.worldbank.org/ddh-published/0062763/2/DR0089139/GlobalFloodExposure/CHN/FloodPop_CHN_1890.tif
FloodPop_CHN_1891.tif,https://datacatalogfiles.worldbank.org/ddh-published/0062763/2/DR0089139/GlobalFloodExposure/CHN/FloodPop_CHN_1891.tif
FloodPop_CHN_1892.tif,https://datacatalogfiles.worldbank.org/ddh-published/0062763/2/DR0089139/GlobalFloodExposure/CHN/FloodPop_CHN_1892.tif
FloodPop_CIV_587.tif,https://datacatalogfiles.worldbank.org/ddh-published/0062763/2/DR0089139/GlobalFloodExposure/CIV/FloodPop_CIV_587.tif
FloodPop_CIV_588.tif,https://datacatalogfiles.worldbank.org/ddh-published/0062763/2/DR0089139/GlobalFloodExposure/CIV/FloodPop_CIV_588.tif
FloodPop_CIV_589.tif,https://datacatalogfiles.worldbank.org/ddh-published/0062763/2/DR0089139/GlobalFloodExposure/CIV/FloodPop_CIV_589.tif
FloodPop_CIV_590.tif,https://datacatalogfiles.worldbank.org/ddh-published/0062763/2/DR0089139/GlobalFloodExposure/CIV/FloodPop_CIV_590.tif
FloodPop_CIV_591.tif,https://datacatalogfiles.worldbank.org/ddh-published/0062763/2/DR0089139/GlobalFloodExposure/CIV/FloodPop_CIV_591.tif
FloodPop_CIV_592.tif,https://datacatalogfiles.worldbank.org/ddh-published/0062763/2/DR0089139/GlobalFloodExposure/CIV/FloodPop_CIV_592.tif
FloodPop_CIV_593.tif,https://datacatalogfiles.worldbank.org/ddh-published/0062763/2/DR0089139/GlobalFloodExposure/CIV/FloodPop_CIV_593.tif
FloodPop_CIV_594.tif,https://datacatalogfiles.worldbank.org/ddh-published/0062763/2/DR0089139/GlobalFloodExposure/CIV/FloodPop_CIV_594.tif
FloodPop_CIV_595.tif,https://datacatalogfiles.worldbank.org/ddh-published/0062763/2/DR0089139/GlobalFloodExposure/CIV/FloodPop_CIV_595.tif
FloodPop_CIV_596.tif,https://datacatalogfiles.worldbank.org/ddh-published/0062763/2/DR0089139/GlobalFloodExposure/CIV/FloodPop_CIV_596.tif
FloodPop_CIV_597.tif,https://datacatalogfiles.worldbank.org/ddh-published/0062763/2/DR0089139/GlobalFloodExposure/CIV/FloodPop_CIV_597.tif
FloodPop_CIV_598.tif,https://datacatalogfiles.worldbank.org/ddh-published/0062763/2/DR0089139/GlobalFloodExposure/CIV/FloodPop_CIV_598.tif
FloodPop_CIV_599.tif,https://datacatalogfiles.worldbank.org/ddh-published/0062763/2/DR0089139/GlobalFloodExposure/CIV/FloodPop_CIV_599.tif
FloodPop_CIV_600.tif,https://datacatalogfiles.worldbank.org/ddh-published/0062763/2/DR0089139/GlobalFloodExposure/CIV/FloodPop_CIV_600.tif
FloodPop_CMR_1576.tif,https://datacatalogfiles.worldbank.org/ddh-published/0062763/2/DR0089139/GlobalFloodExposure/CMR/FloodPop_CMR_1576.tif
FloodPop_CMR_1577.tif,https://datacatalogfiles.worldbank.org/ddh-published/0062763/2/DR0089139/GlobalFloodExposure/CMR/FloodPop_CMR_1577.tif
FloodPop_CMR_1578.tif,https://datacatalogfiles.worldbank.org/ddh-published/0062763/2/DR0089139/GlobalFloodExposure/CMR/FloodPop_CMR_1578.tif
FloodPop_CMR_1579.tif,https://datacatalogfiles.worldbank.org/ddh-published/0062763/2/DR0089139/GlobalFloodExposure/CMR/FloodPop_CMR_1579.tif
FloodPop_CMR_1580.tif,https://datacatalogfiles.worldbank.org/ddh-published/0062763/2/DR0089139/GlobalFloodExposure/CMR/FloodPop_CMR_1580.tif
FloodPop_CMR_1581.tif,https://datacatalogfiles.worldbank.org/ddh-published/0062763/2/DR0089139/GlobalFloodExposure/CMR/FloodPop_CMR_1581.tif
FloodPop_CMR_1582.tif,https://datacatalogfiles.worldbank.org/ddh-published/0062763/2/DR0089139/GlobalFloodExposure/CMR/FloodPop_CMR_1582.tif
FloodPop_CMR_1583.tif,https://datacatalogfiles.worldbank.org/ddh-published/0062763/2/DR0089139/GlobalFloodExposure/CMR/FloodPop_CMR_1583.tif
FloodPop_CMR_1584.tif,https://datacatalogfiles.worldbank.org/ddh-published/0062763/2/DR0089139/GlobalFloodExposure/CMR/FloodPop_CMR_1584.tif
FloodPop_CMR_1585.tif,https://datacatalogfiles.worldbank.org/ddh-published/0062763/2/DR0089139/GlobalFloodExposure/CMR/FloodPop_CMR_1585.tif
FloodPop_COD_1565.tif,https://datacatalogfiles.worldbank.org/ddh-published/0062763/2/DR0089139/GlobalFloodExposure/COD/FloodPop_COD_1565.tif
FloodPop_COD_1566.tif,https://datacatalogfiles.worldbank.org/ddh-published/0062763/2/DR0089139/GlobalFloodExposure/COD/FloodPop_COD_1566.tif
FloodPop_COD_1567.tif,https://datacatalogfiles.worldbank.org/ddh-published/0062763/2/DR0089139/GlobalFloodExposure/COD/FloodPop_COD_1567.tif
FloodPop_COD_1568.tif,https://datacatalogfiles.worldbank.org/ddh-published/0062763/2/DR0089139/GlobalFloodExposure/COD/FloodPop_COD_1568.tif
FloodPop_COD_1569.tif,https://datacatalogfiles.worldbank.org/ddh-published/0062763/2/DR0089139/GlobalFloodExposure/COD/FloodPop_COD_1569.tif
FloodPop_COD_1570.tif,https://datacatalogfiles.worldbank.org/ddh-published/0062763/2/DR0089139/GlobalFloodExposure/COD/FloodPop_COD_1570.tif
FloodPop_COD_1571.tif,https://datacatalogfiles.worldbank.org/ddh-published/0062763/2/DR0089139/GlobalFloodExposure/COD/FloodPop_COD_1571.tif
FloodPop_COD_1572.tif,https://datacatalogfiles.worldbank.org/ddh-published/0062763/2/DR0089139/GlobalFloodExposure/COD/FloodPop_COD_1572.tif
FloodPop_COD_1573.tif,https://datacatalogfiles.worldbank.org/ddh-published/0062763/2/DR0089139/GlobalFloodExposure/COD/FloodPop_COD_1573.tif
FloodPop_COD_1574.tif,https://datacatalogfiles.worldbank.org/ddh-published/0062763/2/DR0089139/GlobalFloodExposure/COD/FloodPop_COD_1574.tif
FloodPop_COD_1575.tif,https://datacatalogfiles.worldbank.org/ddh-published/0062763/2/DR0089139/GlobalFloodExposure/COD/FloodPop_COD_1575.tif
FloodPop_COG_1553.tif,https://datacatalogfiles.worldbank.org/ddh-published/0062763/2/DR0089139/GlobalFloodExposure/COG/FloodPop_COG_1553.tif
FloodPop_COG_1554.tif,https://datacatalogfiles.worldbank.org/ddh-published/0062763/2/DR0089139/GlobalFloodExposure/COG/FloodPop_COG_1554.tif
FloodPop_COG_1555.tif,https://datacatalogfiles.worldbank.org/ddh-published/0062763/2/DR0089139/GlobalFloodExposure/COG/FloodPop_COG_1555.tif
FloodPop_COG_1556.tif,https://datacatalogfiles.worldbank.org/ddh-published/0062763/2/DR0089139/GlobalFloodExposure/COG/FloodPop_COG_1556.tif
FloodPop_COG_1557.tif,https://datacatalogfiles.worldbank.org/ddh-published/0062763/2/DR0089139/GlobalFloodExposure/COG/FloodPop_COG_1557.tif
FloodPop_COG_1558.tif,https://datacatalogfiles.worldbank.org/ddh-published/0062763/2/DR0089139/GlobalFloodExposure/COG/FloodPop_COG_1558.tif
FloodPop_COG_1559.tif,https://datacatalogfiles.worldbank.org/ddh-published/0062763/2/DR0089139/GlobalFloodExposure/COG/FloodPop_COG_1559.tif
FloodPop_COG_1560.tif,https://datacatalogfiles.worldbank.org/ddh-published/0062763/2/DR0089139/GlobalFloodExposure/COG/FloodPop_COG_1560.tif
FloodPop_COG_1561.tif,https://datacatalogfiles.worldbank.org/ddh-published/0062763/2/DR0089139/GlobalFloodExposure/COG/FloodPop_COG_1561.tif
FloodPop_COG_1562.tif,https://datacatalogfiles.worldbank.org/ddh-published/0062763/2/DR0089139/GlobalFloodExposure/COG/FloodPop_COG_1562.tif
FloodPop_COG_1563.tif,https://datacatalogfiles.worldbank.org/ddh-published/0062763/2/DR0089139/GlobalFloodExposure/COG/FloodPop_COG_1563.tif
FloodPop_COG_1564.tif,https://datacatalogfiles.worldbank.org/ddh-published/0062763/2/DR0089139/GlobalFloodExposure/COG/FloodPop_COG_1564.tif
FloodPop_COL_1169.tif,https://datacatalogfiles.worldbank.org/ddh-published/0062763/2/DR0089139/GlobalFloodExposure/COL/FloodPop_COL_1169.tif
FloodPop_COL_1210.tif,https://datacatalogfiles.worldbank.org/ddh-published/0062763/2/DR0089139/GlobalFloodExposure/COL/FloodPop_COL_1210.tif
FloodPop_COL_1211.tif,https://datacatalogfiles.worldbank.org/ddh-published/0062763/2/DR0089139/GlobalFloodExposure/COL/FloodPop_COL_1211.tif
FloodPop_COL_1212.tif,https://datacatalogfiles.worldbank.org/ddh-published/0062763/2/DR0089139/GlobalFloodExposure/COL/FloodPop_COL_1212.tif
FloodPop_COL_1213.tif,https://datacatalogfiles.worldbank.org/ddh-published/0062763/2/DR0089139/GlobalFloodExposure/COL/FloodPop_COL_1213.tif
FloodPop_COL_1214.tif,https://datacatalogfiles.worldbank.org/ddh-published/0062763/2/DR0089139/GlobalFloodExposure/COL/FloodPop_COL_1214.tif
FloodPop_COL_1215.tif,https://datacatalogfiles.worldbank.org/ddh-published/0062763/2/DR0089139/GlobalFloodExposure/COL/FloodPop_COL_1215.tif
FloodPop_COL_1216.tif,https://datacatalogfiles.worldbank.org/ddh-published/0062763/2/DR0089139/GlobalFloodExposure/COL/FloodPop_COL_1216.tif
FloodPop_COL_1217.tif,https://datacatalogfiles.worldbank.org/ddh-published/0062763/2/DR0089139/GlobalFloodExposure/COL/FloodPop_COL_1217.tif
FloodPop_COL_1218.tif,https://datacatalogfiles.worldbank.org/ddh-published/0062763/2/DR0089139/GlobalFloodExposure/COL/FloodPop_COL_1218.tif
FloodPop_COL_1219.tif,https://datacatalogfiles.worldbank.org/ddh-published/0062763/2/DR0089139/GlobalFloodExposure/COL/FloodPop_COL_1219.tif
FloodPop_COL_1220.tif,https://datacatalogfiles.worldbank.org/ddh-published/0062763/2/DR0089139/GlobalFloodExposure/COL/FloodPop_COL_1220.tif
FloodPop_COL_1221.tif,https://datacatalogfiles.worldbank.org/ddh-published/0062763/2/DR0089139/GlobalFloodExposure/COL/FloodPop_COL_1221.tif
FloodPop_COL_1222.tif,https://datacatalogfiles.worldbank.org/ddh-published/0062763/2/DR0089139/GlobalFloodExposure/COL/FloodPop_COL_1222.tif
FloodPop_COL_1223.tif,https://datacatalogfiles.worldbank.org/ddh-published/0062763/2/DR0089139/GlobalFloodExposure/COL/FloodPop_COL_1223.tif
FloodPop_COL_1224.tif,https://datacatalogfiles.worldbank.org/ddh-published/0062763/2/DR0089139/GlobalFloodExposure/COL/FloodPop_COL_1224.tif
FloodPop_COL_1225.tif,https://datacatalogfiles.worldbank.org/ddh-published/0062763/2/DR0089139/GlobalFloodExposure/COL/FloodPop_COL_1225.tif
FloodPop_COL_1226.tif,https://datacatalogfiles.worldbank.org/ddh-published/0062763/2/DR0089139/GlobalFloodExposure/COL/FloodPop_COL_1226.tif
FloodPop_COL_1227.tif,https://datacatalogfiles.worldbank.org/ddh-published/0062763/2/DR0089139/GlobalFloodExposure/COL/FloodPop_COL_1227.tif
FloodPop_COL_1228.tif,https://datacatalogfiles.worldbank.org/ddh-published/0062763/2/DR0089139/GlobalFloodExposure/COL/FloodPop_COL_1228.tif
FloodPop_COL_1229.tif,https://datacatalogfiles.worldbank.org/ddh-published/0062763/2/DR0089139/GlobalFloodExposure/COL/FloodPop_COL_1229.tif
FloodPop_COL_1230.tif,https://datacatalogfiles.worldbank.org/ddh-published/0062763/2/DR0089139/GlobalFloodExposure/COL/FloodPop_COL_1230.tif
FloodPop_COL_1231.tif,https://datacatalogfiles.worldbank.org/ddh-published/0062763/2/DR0089139/GlobalFloodExposure/COL/FloodPop_COL_1231.tif
FloodPop_COL_1232.tif,https://datacatalogfiles.worldbank.org/ddh-published/0062763/2/DR0089139/GlobalFloodExposure/COL/FloodPop_COL_1232.tif
FloodPop_COL_2046.tif,https://datacatalogfiles.worldbank.org/ddh-published/0062763/2/DR0089139/GlobalFloodExposure/COL/FloodPop_COL_2046.tif
FloodPop_COL_2047.tif,https://datacatalogfiles.worldbank.org/ddh-published/0062763/2/DR0089139/GlobalFloodExposure/COL/FloodPop_COL_2047.tif
FloodPop_COL_2048.tif,https://datacatalogfiles.worldbank.org/ddh-published/0062763/2/DR0089139/GlobalFloodExposure/COL/FloodPop_COL_2048.tif
FloodPop_COL_2049.tif,https://datacatalogfiles.worldbank.org/ddh-published/0062763/2/DR0089139/GlobalFloodExposure/COL/FloodPop_COL_2049.tif
FloodPop_COL_2050.tif,https://datacatalogfiles.worldbank.org/ddh-published/0062763/2/DR0089139/GlobalFloodExposure/COL/FloodPop_COL_2050.tif
FloodPop_COL_2051.tif,https://datacatalogfiles.worldbank.org/ddh-published/0062763/2/DR0089139/GlobalFloodExposure/COL/FloodPop_COL_2051.tif
FloodPop_COL_2052.tif,https://datacatalogfiles.worldbank.org/ddh-published/0062763/2/DR0089139/GlobalFloodExposure/COL/FloodPop_COL_2052.tif
FloodPop_COL_2053.tif,https://datacatalogfiles.worldbank.org/ddh-published/0062763/2/DR0089139/GlobalFloodExposure/COL/FloodPop_COL_2053.tif
FloodPop_COL_2054.tif,https://datacatalogfiles.worldbank.org/ddh-published/0062763/2/DR0089139/GlobalFloodExposure/COL/FloodPop_COL_2054.tif
FloodPop_COL_2055.tif,https://datacatalogfiles.worldbank.org/ddh-published/0062763/2/DR0089139/GlobalFloodExposure/COL/FloodPop_COL_2055.tif
FloodPop_COM_1497.tif,https://datacatalogfiles.worldbank.org/ddh-published/0062763/2/DR0089139/GlobalFloodExposure/COM/FloodPop_COM_1497.tif
FloodPop_COM_1498.tif,https://datacatalogfiles.worldbank.org/ddh-published/0062763/2/DR0089139/GlobalFloodExposure/COM/FloodPop_COM_1498.tif
FloodPop_COM_1499.tif,https://datacatalogfiles.worldbank.org/ddh-published/0062763/2/DR0089139/GlobalFloodExposure/COM/FloodPop_COM_1499.tif
FloodPop_CRI_1202.tif,https://datacatalogfiles.worldbank.org/ddh-published/0062763/2/DR0089139/GlobalFloodExposure/CRI/FloodPop_CRI_1202.tif
FloodPop_CRI_1203.tif,https://datacatalogfiles.worldbank.org/ddh-published/0062763/2/DR0089139/GlobalFloodExposure/CRI/FloodPop_CRI_1203.tif
FloodPop_CRI_1204.tif,https://datacatalogfiles.worldbank.org/ddh-published/0062763/2/DR0089139/GlobalFloodExposure/CRI/FloodPop_CRI_1204.tif
FloodPop_CRI_1205.tif,https://datacatalogfiles.worldbank.org/ddh-published/0062763/2/DR0089139/GlobalFloodExposure/CRI/FloodPop_CRI_1205.tif
FloodPop_CRI_1206.tif,https://datacatalogfiles.worldbank.org/ddh-published/0062763/2/DR0089139/GlobalFloodExposure/CRI/FloodPop_CRI_1206.tif
FloodPop_CRI_1207.tif,https://datacatalogfiles.worldbank.org/ddh-published/0062763/2/DR0089139/GlobalFloodExposure/CRI/FloodPop_CRI_1207.tif
FloodPop_CUB_2041.tif,https://datacatalogfiles.worldbank.org/ddh-published/0062763/2/DR0089139/GlobalFloodExposure/CUB/FloodPop_CUB_2041.tif
FloodPop_CYM_2101.tif,https://datacatalogfiles.worldbank.org/ddh-published/0062763/2/DR0089139/GlobalFloodExposure/CYM/FloodPop_CYM_2101.tif
FloodPop_CYM_2102.tif,https://datacatalogfiles.worldbank.org/ddh-published/0062763/2/DR0089139/GlobalFloodExposure/CYM/FloodPop_CYM_2102.tif
FloodPop_CYM_2103.tif,https://datacatalogfiles.worldbank.org/ddh-published/0062763/2/DR0089139/GlobalFloodExposure/CYM/FloodPop_CYM_2103.tif
FloodPop_CYP_995.tif,https://datacatalogfiles.worldbank.org/ddh-published/0062763/2/DR0089139/GlobalFloodExposure/CYP/FloodPop_CYP_995.tif
FloodPop_CZE_979.tif,https://datacatalogfiles.worldbank.org/ddh-published/0062763/2/DR0089139/GlobalFloodExposure/CZE/FloodPop_CZE_979.tif
FloodPop_CZE_980.tif,https://datacatalogfiles.worldbank.org/ddh-published/0062763/2/DR0089139/GlobalFloodExposure/CZE/FloodPop_CZE_980.tif
FloodPop_CZE_981.tif,https://datacatalogfiles.worldbank.org/ddh-published/0062763/2/DR0089139/GlobalFloodExposure/CZE/FloodPop_CZE_981.tif
FloodPop_CZE_982.tif,https://datacatalogfiles.worldbank.org/ddh-published/0062763/2/DR0089139/GlobalFloodExposure/CZE/FloodPop_CZE_982.tif
FloodPop_CZE_983.tif,https://datacatalogfiles.worldbank.org/ddh-published/0062763/2/DR0089139/GlobalFloodExposure/CZE/FloodPop_CZE_983.tif
FloodPop_CZE_984.tif,https://datacatalogfiles.worldbank.org/ddh-published/0062763/2/DR0089139/GlobalFloodExposure/CZE/FloodPop_CZE_984.tif
FloodPop_CZE_985.tif,https://datacatalogfiles.worldbank.org/ddh-published/0062763/2/DR0089139/GlobalFloodExposure/CZE/FloodPop_CZE_985.tif
FloodPop_CZE_986.tif,https://datacatalogfiles.worldbank.org/ddh-published/0062763/2/DR0089139/GlobalFloodExposure/CZE/FloodPop_CZE_986.tif
FloodPop_DEU_241.tif,https://datacatalogfiles.worldbank.org/ddh-published/0062763/2/DR0089139/GlobalFloodExposure/DEU/FloodPop_DEU_241.tif
FloodPop_DEU_242.tif,https://datacatalogfiles.worldbank.org/ddh-published/0062763/2/DR0089139/GlobalFloodExposure/DEU/FloodPop_DEU_242.tif
FloodPop_DEU_243.tif,https://datacatalogfiles.worldbank.org/ddh-published/0062763/2/DR0089139/GlobalFloodExposure/DEU/FloodPop_DEU_243.tif
FloodPop_DEU_244.tif,https://datacatalogfiles.worldbank.org/ddh-published/0062763/2/DR0089139/GlobalFloodExposure/DEU/FloodPop_DEU_244.tif
FloodPop_DEU_245.tif,https://datacatalogfiles.worldbank.org/ddh-published/0062763/2/DR0089139/GlobalFloodExposure/DEU/FloodPop_DEU_245.tif
FloodPop_DEU_246.tif,https://datacatalogfiles.worldbank.org/ddh-published/0062763/2/DR0089139/GlobalFloodExposure/DEU/FloodPop_DEU_246.tif
FloodPop_DEU_247.tif,https://datacatalogfiles.worldbank.org/ddh-published/0062763/2/DR0089139/GlobalFloodExposure/DEU/FloodPop_DEU_247.tif
FloodPop_DEU_248.tif,https://datacatalogfiles.worldbank.org/ddh-published/0062763/2/DR0089139/GlobalFloodExposure/DEU/FloodPop_DEU_248.tif
FloodPop_DEU_249.tif,https://datacatalogfiles.worldbank.org/ddh-published/0062763/2/DR0089139/GlobalFloodExposure/DEU/FloodPop_DEU_249.tif
FloodPop_DEU_250.tif,https://datacatalogfiles.worldbank.org/ddh-published/0062763/2/DR0089139/GlobalFloodExposure/DEU/FloodPop_DEU_250.tif
FloodPop_DEU_251.tif,https://datacatalogfiles.worldbank.org/ddh-published/0062763/2/DR0089139/GlobalFloodExposure/DEU/FloodPop_DEU_251.tif
FloodPop_DEU_252.tif,https://datacatalogfiles.worldbank.org/ddh-published/0062763/2/DR0089139/GlobalFloodExposure/DEU/FloodPop_DEU_252.tif
FloodPop_DEU_253.tif,https://datacatalogfiles.worldbank.org/ddh-published/0062763/2/DR0089139/GlobalFloodExposure/DEU/FloodPop_DEU_253.tif
FloodPop_DEU_254.tif,https://datacatalogfiles.worldbank.org/ddh-published/0062763/2/DR0089139/GlobalFloodExposure/DEU/FloodPop_DEU_254.tif
FloodPop_DEU_255.tif,https://datacatalogfiles.worldbank.org/ddh-published/0062763/2/DR0089139/GlobalFloodExposure/DEU/FloodPop_DEU_255.tif
FloodPop_DEU_256.tif,https://datacatalogfiles.worldbank.org/ddh-published/0062763/2/DR0089139/GlobalFloodExposure/DEU/FloodPop_DEU_256.tif
FloodPop_DJI_1825.tif,https://datacatalogfiles.worldbank.org/ddh-published/0062763/2/DR0089139/GlobalFloodExposure/DJI/FloodPop_DJI_1825.tif
FloodPop_DJI_1826.tif,https://datacatalogfiles.worldbank.org/ddh-published/0062763/2/DR0089139/GlobalFloodExposure/DJI/FloodPop_DJI_1826.tif
FloodPop_DJI_1827.tif,https://datacatalogfiles.worldbank.org/ddh-published/0062763/2/DR0089139/GlobalFloodExposure/DJI/FloodPop_DJI_1827.tif
FloodPop_DJI_1828.tif,https://datacatalogfiles.worldbank.org/ddh-published/0062763/2/DR0089139/GlobalFloodExposure/DJI/FloodPop_DJI_1828.tif
FloodPop_DJI_1829.tif,https://datacatalogfiles.worldbank.org/ddh-published/0062763/2/DR0089139/GlobalFloodExposure/DJI/FloodPop_DJI_1829.tif
FloodPop_DJI_1830.tif,https://datacatalogfiles.worldbank.org/ddh-published/0062763/2/DR0089139/GlobalFloodExposure/DJI/FloodPop_DJI_1830.tif
FloodPop_DMA_2086.tif,https://datacatalogfiles.worldbank.org/ddh-published/0062763/2/DR0089139/GlobalFloodExposure/DMA/FloodPop_DMA_2086.tif
FloodPop_DMA_2087.tif,https://datacatalogfiles.worldbank.org/ddh-published/0062763/2/DR0089139/GlobalFloodExposure/DMA/FloodPop_DMA_2087.tif
FloodPop_DMA_2088.tif,https://datacatalogfiles.worldbank.org/ddh-published/0062763/2/DR0089139/GlobalFloodExposure/DMA/FloodPop_DMA_2088.tif
FloodPop_DMA_2089.tif,https://datacatalogfiles.worldbank.org/ddh-published/0062763/2/DR0089139/GlobalFloodExposure/DMA/FloodPop_DMA_2089.tif
FloodPop_DMA_2090.tif,https://datacatalogfiles.worldbank.org/ddh-published/0062763/2/DR0089139/GlobalFloodExposure/DMA/FloodPop_DMA_2090.tif
FloodPop_DMA_2091.tif,https://datacatalogfiles.worldbank.org/ddh-published/0062763/2/DR0089139/GlobalFloodExposure/DMA/FloodPop_DMA_2091.tif
FloodPop_DMA_2092.tif,https://datacatalogfiles.worldbank.org/ddh-published/0062763/2/DR0089139/GlobalFloodExposure/DMA/FloodPop_DMA_2092.tif
FloodPop_DMA_2093.tif,https://datacatalogfiles.worldbank.org/ddh-published/0062763/2/DR0089139/GlobalFloodExposure/DMA/FloodPop_DMA_2093.tif
FloodPop_DMA_2094.tif,https://datacatalogfiles.worldbank.org/ddh-published/0062763/2/DR0089139/GlobalFloodExposure/DMA/FloodPop_DMA_2094.tif
FloodPop_DMA_2095.tif,https://datacatalogfiles.worldbank.org/ddh-published/0062763/2/DR0089139/GlobalFloodExposure/DMA/FloodPop_DMA_2095.tif
FloodPop_DNK_257.tif,https://datacatalogfiles.worldbank.org/ddh-published/0062763/2/DR0089139/GlobalFloodExposure/DNK/FloodPop_DNK_257.tif
FloodPop_DNK_258.tif,https://datacatalogfiles.worldbank.org/ddh-published/0062763/2/DR0089139/GlobalFloodExposure/DNK/FloodPop_DNK_258.tif
FloodPop_DNK_259.tif,https://datacatalogfiles.worldbank.org/ddh-published/0062763/2/DR0089139/GlobalFloodExposure/DNK/FloodPop_DNK_259.tif
FloodPop_DNK_260.tif,https://datacatalogfiles.worldbank.org/ddh-published/0062763/2/DR0089139/GlobalFloodExposure/DNK/FloodPop_DNK_260.tif
FloodPop_DNK_261.tif,https://datacatalogfiles.worldbank.org/ddh-published/0062763/2/DR0089139/GlobalFloodExposure/DNK/FloodPop_DNK_261.tif
FloodPop_DNK_262.tif,https://datacatalogfiles.worldbank.org/ddh-published/0062763/2/DR0089139/GlobalFloodExposure/DNK/FloodPop_DNK_262.tif
FloodPop_DNK_263.tif,https://datacatalogfiles.worldbank.org/ddh-published/0062763/2/DR0089139/GlobalFloodExposure/DNK/FloodPop_DNK_263.tif
FloodPop_DNK_264.tif,https://datacatalogfiles.worldbank.org/ddh-published/0062763/2/DR0089139/GlobalFloodExposure/DNK/FloodPop_DNK_264.tif
FloodPop_DNK_265.tif,https://datacatalogfiles.worldbank.org/ddh-published/0062763/2/DR0089139/GlobalFloodExposure/DNK/FloodPop_DNK_265.tif
FloodPop_DNK_266.tif,https://datacatalogfiles.worldbank.org/ddh-published/0062763/2/DR0089139/GlobalFloodExposure/DNK/FloodPop_DNK_266.tif
FloodPop_DNK_267.tif,https://datacatalogfiles.worldbank.org/ddh-published/0062763/2/DR0089139/GlobalFloodExposure/DNK/FloodPop_DNK_267.tif
FloodPop_DOM_1400.tif,https://datacatalogfiles.worldbank.org/ddh-published/0062763/2/DR0089139/GlobalFloodExposure/DOM/FloodPop_DOM_1400.tif
FloodPop_DOM_1401.tif,https://datacatalogfiles.worldbank.org/ddh-published/0062763/2/DR0089139/GlobalFloodExposure/DOM/FloodPop_DOM_1401.tif
FloodPop_DOM_1402.tif,https://datacatalogfiles.worldbank.org/ddh-published/0062763/2/DR0089139/GlobalFloodExposure/DOM/FloodPop_DOM_1402.tif
FloodPop_DOM_1403.tif,https://datacatalogfiles.worldbank.org/ddh-published/0062763/2/DR0089139/GlobalFloodExposure/DOM/FloodPop_DOM_1403.tif
FloodPop_DOM_1404.tif,https://datacatalogfiles.worldbank.org/ddh-published/0062763/2/DR0089139/GlobalFloodExposure/DOM/FloodPop_DOM_1404.tif
FloodPop_DOM_1405.tif,https://datacatalogfiles.worldbank.org/ddh-published/0062763/2/DR0089139/GlobalFloodExposure/DOM/FloodPop_DOM_1405.tif
FloodPop_DOM_1406.tif,https://datacatalogfiles.worldbank.org/ddh-published/0062763/2/DR0089139/GlobalFloodExposure/DOM/FloodPop_DOM_1406.tif
FloodPop_DOM_1407.tif,https://datacatalogfiles.worldbank.org/ddh-published/0062763/2/DR0089139/GlobalFloodExposure/DOM/FloodPop_DOM_1407.tif
FloodPop_DOM_1408.tif,https://datacatalogfiles.worldbank.org/ddh-published/0062763/2/DR0089139/GlobalFloodExposure/DOM/FloodPop_DOM_1408.tif
FloodPop_DOM_1409.tif,https://datacatalogfiles.worldbank.org/ddh-published/0062763/2/DR0089139/GlobalFloodExposure/DOM/FloodPop_DOM_1409.tif
FloodPop_DZA_754.tif,https://datacatalogfiles.worldbank.org/ddh-published/0062763/2/DR0089139/GlobalFloodExposure/DZA/FloodPop_DZA_754.tif
FloodPop_ECU_1264.tif,https://datacatalogfiles.worldbank.org/ddh-published/0062763/2/DR0089139/GlobalFloodExposure/ECU/FloodPop_ECU_1264.tif
FloodPop_ECU_1265.tif,https://datacatalogfiles.worldbank.org/ddh-published/0062763/2/DR0089139/GlobalFloodExposure/ECU/FloodPop_ECU_1265.tif
FloodPop_ECU_1266.tif,https://datacatalogfiles.worldbank.org/ddh-published/0062763/2/DR0089139/GlobalFloodExposure/ECU/FloodPop_ECU_1266.tif
FloodPop_ECU_1267.tif,https://datacatalogfiles.worldbank.org/ddh-published/0062763/2/DR0089139/GlobalFloodExposure/ECU/FloodPop_ECU_1267.tif
FloodPop_ECU_1268.tif,https://datacatalogfiles.worldbank.org/ddh-published/0062763/2/DR0089139/GlobalFloodExposure/ECU/FloodPop_ECU_1268.tif
FloodPop_ECU_1269.tif,https://datacatalogfiles.worldbank.org/ddh-published/0062763/2/DR0089139/GlobalFloodExposure/ECU/FloodPop_ECU_1269.tif
FloodPop_ECU_1270.tif,https://datacatalogfiles.worldbank.org/ddh-published/0062763/2/DR0089139/GlobalFloodExposure/ECU/FloodPop_ECU_1270.tif
FloodPop_ECU_1271.tif,https://datacatalogfiles.worldbank.org/ddh-published/0062763/2/DR0089139/GlobalFloodExposure/ECU/FloodPop_ECU_1271.tif
FloodPop_ECU_1272.tif,https://datacatalogfiles.worldbank.org/ddh-published/0062763/2/DR0089139/GlobalFloodExposure/ECU/FloodPop_ECU_1272.tif
FloodPop_ECU_1273.tif,https://datacatalogfiles.worldbank.org/ddh-published/0062763/2/DR0089139/GlobalFloodExposure/ECU/FloodPop_ECU_1273.tif
FloodPop_ECU_1274.tif,https://datacatalogfiles.worldbank.org/ddh-published/0062763/2/DR0089139/GlobalFloodExposure/ECU/FloodPop_ECU_1274.tif
FloodPop_ECU_1275.tif,https://datacatalogfiles.worldbank.org/ddh-published/0062763/2/DR0089139/GlobalFloodExposure/ECU/FloodPop_ECU_1275.tif
FloodPop_ECU_1276.tif,https://datacatalogfiles.worldbank.org/ddh-published/0062763/2/DR0089139/GlobalFloodExposure/ECU/FloodPop_ECU_1276.tif
FloodPop_ECU_1277.tif,https://datacatalogfiles.worldbank.org/ddh-published/0062763/2/DR0089139/GlobalFloodExposure/ECU/FloodPop_ECU_1277.tif
FloodPop_ECU_1278.tif,https://datacatalogfiles.worldbank.org/ddh-published/0062763/2/DR0089139/GlobalFloodExposure/ECU/FloodPop_ECU_1278.tif
FloodPop_ECU_1279.tif,https://datacatalogfiles.worldbank.org/ddh-published/0062763/2/DR0089139/GlobalFloodExposure/ECU/FloodPop_ECU_1279.tif
FloodPop_ECU_1280.tif,https://datacatalogfiles.worldbank.org/ddh-published/0062763/2/DR0089139/GlobalFloodExposure/ECU/FloodPop_ECU_1280.tif
FloodPop_ECU_1281.tif,https://datacatalogfiles.worldbank.org/ddh-published/0062763/2/DR0089139/GlobalFloodExposure/ECU/FloodPop_ECU_1281.tif
FloodPop_ECU_1282.tif,https://datacatalogfiles.worldbank.org/ddh-published/0062763/2/DR0089139/GlobalFloodExposure/ECU/FloodPop_ECU_1282.tif
FloodPop_ECU_1283.tif,https://datacatalogfiles.worldbank.org/ddh-published/0062763/2/DR0089139/GlobalFloodExposure/ECU/FloodPop_ECU_1283.tif
FloodPop_ECU_1284.tif,https://datacatalogfiles.worldbank.org/ddh-published/0062763/2/DR0089139/GlobalFloodExposure/ECU/FloodPop_ECU_1284.tif
FloodPop_ECU_1285.tif,https://datacatalogfiles.worldbank.org/ddh-published/0062763/2/DR0089139/GlobalFloodExposure/ECU/FloodPop_ECU_1285.tif
FloodPop_ECU_1286.tif,https://datacatalogfiles.worldbank.org/ddh-published/0062763/2/DR0089139/GlobalFloodExposure/ECU/FloodPop_ECU_1286.tif
FloodPop_ECU_1287.tif,https://datacatalogfiles.worldbank.org/ddh-published/0062763/2/DR0089139/GlobalFloodExposure/ECU/FloodPop_ECU_1287.tif
FloodPop_ECU_2056.tif,https://datacatalogfiles.worldbank.org/ddh-published/0062763/2/DR0089139/GlobalFloodExposure/ECU/FloodPop_ECU_2056.tif
FloodPop_EGY_1821.tif,https://datacatalogfiles.worldbank.org/ddh-published/0062763/2/DR0089139/GlobalFloodExposure/EGY/FloodPop_EGY_1821.tif
FloodPop_EGY_1822.tif,https://datacatalogfiles.worldbank.org/ddh-published/0062763/2/DR0089139/GlobalFloodExposure/EGY/FloodPop_EGY_1822.tif
FloodPop_EGY_1823.tif,https://datacatalogfiles.worldbank.org/ddh-published/0062763/2/DR0089139/GlobalFloodExposure/EGY/FloodPop_EGY_1823.tif
FloodPop_EGY_1824.tif,https://datacatalogfiles.worldbank.org/ddh-published/0062763/2/DR0089139/GlobalFloodExposure/EGY/FloodPop_EGY_1824.tif
FloodPop_ERI_2140.tif,https://datacatalogfiles.worldbank.org/ddh-published/0062763/2/DR0089139/GlobalFloodExposure/ERI/FloodPop_ERI_2140.tif
FloodPop_ERI_2141.tif,https://datacatalogfiles.worldbank.org/ddh-published/0062763/2/DR0089139/GlobalFloodExposure/ERI/FloodPop_ERI_2141.tif
FloodPop_ERI_2142.tif,https://datacatalogfiles.worldbank.org/ddh-published/0062763/2/DR0089139/GlobalFloodExposure/ERI/FloodPop_ERI_2142.tif
FloodPop_ERI_2143.tif,https://datacatalogfiles.worldbank.org/ddh-published/0062763/2/DR0089139/GlobalFloodExposure/ERI/FloodPop_ERI_2143.tif
FloodPop_ERI_2144.tif,https://datacatalogfiles.worldbank.org/ddh-published/0062763/2/DR0089139/GlobalFloodExposure/ERI/FloodPop_ERI_2144.tif
FloodPop_ERI_2145.tif,https://datacatalogfiles.worldbank.org/ddh-published/0062763/2/DR0089139/GlobalFloodExposure/ERI/FloodPop_ERI_2145.tif
FloodPop_ERI_2146.tif,https://datacatalogfiles.worldbank.org/ddh-published/0062763/2/DR0089139/GlobalFloodExposure/ERI/FloodPop_ERI_2146.tif
FloodPop_ESP_951.tif,https://datacatalogfiles.worldbank.org/ddh-published/0062763/2/DR0089139/GlobalFloodExposure/ESP/FloodPop_ESP_951.tif
FloodPop_ESP_952.tif,https://datacatalogfiles.worldbank.org/ddh-published/0062763/2/DR0089139/GlobalFloodExposure/ESP/FloodPop_ESP_952.tif
FloodPop_ESP_953.tif,https://datacatalogfiles.worldbank.org/ddh-published/0062763/2/DR0089139/GlobalFloodExposure/ESP/FloodPop_ESP_953.tif
FloodPop_ESP_954.tif,https://datacatalogfiles.worldbank.org/ddh-published/0062763/2/DR0089139/GlobalFloodExposure/ESP/FloodPop_ESP_954.tif
FloodPop_ESP_955.tif,https://datacatalogfiles.worldbank.org/ddh-published/0062763/2/DR0089139/GlobalFloodExposure/ESP/FloodPop_ESP_955.tif
FloodPop_ESP_956.tif,https://datacatalogfiles.worldbank.org/ddh-published/0062763/2/DR0089139/GlobalFloodExposure/ESP/FloodPop_ESP_956.tif
FloodPop_ESP_957.tif,https://datacatalogfiles.worldbank.org/ddh-published/0062763/2/DR0089139/GlobalFloodExposure/ESP/FloodPop_ESP_957.tif
FloodPop_ESP_958.tif,https://datacatalogfiles.worldbank.org/ddh-published/0062763/2/DR0089139/GlobalFloodExposure/ESP/FloodPop_ESP_958.tif
FloodPop_ESP_959.tif,https://datacatalogfiles.worldbank.org/ddh-published/0062763/2/DR0089139/GlobalFloodExposure/ESP/FloodPop_ESP_959.tif
FloodPop_ESP_960.tif,https://datacatalogfiles.worldbank.org/ddh-published/0062763/2/DR0089139/GlobalFloodExposure/ESP/FloodPop_ESP_960.tif
FloodPop_ESP_961.tif,https://datacatalogfiles.worldbank.org/ddh-published/0062763/2/DR0089139/GlobalFloodExposure/ESP/FloodPop_ESP_961.tif
FloodPop_ESP_962.tif,https://datacatalogfiles.worldbank.org/ddh-published/0062763/2/DR0089139/GlobalFloodExposure/ESP/FloodPop_ESP_962.tif
FloodPop_ESP_963.tif,https://datacatalogfiles.worldbank.org/ddh-published/0062763/2/DR0089139/GlobalFloodExposure/ESP/FloodPop_ESP_963.tif
FloodPop_ESP_964.tif,https://datacatalogfiles.worldbank.org/ddh-published/0062763/2/DR0089139/GlobalFloodExposure/ESP/FloodPop_ESP_964.tif
FloodPop_ESP_965.tif,https://datacatalogfiles.worldbank.org/ddh-published/0062763/2/DR0089139/GlobalFloodExposure/ESP/FloodPop_ESP_965.tif
FloodPop_ESP_966.tif,https://datacatalogfiles.worldbank.org/ddh-published/0062763/2/DR0089139/GlobalFloodExposure/ESP/FloodPop_ESP_966.tif
FloodPop_ESP_967.tif,https://datacatalogfiles.worldbank.org/ddh-published/0062763/2/DR0089139/GlobalFloodExposure/ESP/FloodPop_ESP_967.tif
FloodPop_ESP_968.tif,https://datacatalogfiles.worldbank.org/ddh-published/0062763/2/DR0089139/GlobalFloodExposure/ESP/FloodPop_ESP_968.tif
FloodPop_ESP_969.tif,https://datacatalogfiles.worldbank.org/ddh-published/0062763/2/DR0089139/GlobalFloodExposure/ESP/FloodPop_ESP_969.tif
FloodPop_EST_268.tif,https://datacatalogfiles.worldbank.org/ddh-published/0062763/2/DR0089139/GlobalFloodExposure/EST/FloodPop_EST_268.tif
FloodPop_EST_269.tif,https://datacatalogfiles.worldbank.org/ddh-published/0062763/2/DR0089139/GlobalFloodExposure/EST/FloodPop_EST_269.tif
FloodPop_EST_270.tif,https://datacatalogfiles.worldbank.org/ddh-published/0062763/2/DR0089139/GlobalFloodExposure/EST/FloodPop_EST_270.tif
FloodPop_EST_271.tif,https://datacatalogfiles.worldbank.org/ddh-published/0062763/2/DR0089139/GlobalFloodExposure/EST/FloodPop_EST_271.tif
FloodPop_EST_272.tif,https://datacatalogfiles.worldbank.org/ddh-published/0062763/2/DR0089139/GlobalFloodExposure/EST/FloodPop_EST_272.tif
FloodPop_EST_273.tif,https://datacatalogfiles.worldbank.org/ddh-published/0062763/2/DR0089139/GlobalFloodExposure/EST/FloodPop_EST_273.tif
FloodPop_EST_274.tif,https://datacatalogfiles.worldbank.org/ddh-published/0062763/2/DR0089139/GlobalFloodExposure/EST/FloodPop_EST_274.tif
FloodPop_EST_275.tif,https://datacatalogfiles.worldbank.org/ddh-published/0062763/2/DR0089139/GlobalFloodExposure/EST/FloodPop_EST_275.tif
FloodPop_EST_276.tif,https://datacatalogfiles.worldbank.org/ddh-published/0062763/2/DR0089139/GlobalFloodExposure/EST/FloodPop_EST_276.tif
FloodPop_EST_277.tif,https://datacatalogfiles.worldbank.org/ddh-published/0062763/2/DR0089139/GlobalFloodExposure/EST/FloodPop_EST_277.tif
FloodPop_EST_278.tif,https://datacatalogfiles.worldbank.org/ddh-published/0062763/2/DR0089139/GlobalFloodExposure/EST/FloodPop_EST_278.tif
FloodPop_EST_279.tif,https://datacatalogfiles.worldbank.org/ddh-published/0062763/2/DR0089139/GlobalFloodExposure/EST/FloodPop_EST_279.tif
FloodPop_EST_280.tif,https://datacatalogfiles.worldbank.org/ddh-published/0062763/2/DR0089139/GlobalFloodExposure/EST/FloodPop_EST_280.tif
FloodPop_EST_281.tif,https://datacatalogfiles.worldbank.org/ddh-published/0062763/2/DR0089139/GlobalFloodExposure/EST/FloodPop_EST_281.tif
FloodPop_EST_282.tif,https://datacatalogfiles.worldbank.org/ddh-published/0062763/2/DR0089139/GlobalFloodExposure/EST/FloodPop_EST_282.tif
FloodPop_EST_283.tif,https://datacatalogfiles.worldbank.org/ddh-published/0062763/2/DR0089139/GlobalFloodExposure/EST/FloodPop_EST_283.tif
FloodPop_ETH_1500.tif,https://datacatalogfiles.worldbank.org/ddh-published/0062763/2/DR0089139/GlobalFloodExposure/ETH/FloodPop_ETH_1500.tif
FloodPop_ETH_1500.tif.aux.xml,https://datacatalogfiles.worldbank.org/ddh-published/0062763/2/DR0089139/GlobalFloodExposure/ETH/FloodPop_ETH_1500.tif.aux.xml
FloodPop_ETH_1501.tif,https://datacatalogfiles.worldbank.org/ddh-published/0062763/2/DR0089139/GlobalFloodExposure/ETH/FloodPop_ETH_1501.tif
FloodPop_ETH_1502.tif,https://datacatalogfiles.worldbank.org/ddh-published/0062763/2/DR0089139/GlobalFloodExposure/ETH/FloodPop_ETH_1502.tif
FloodPop_ETH_1503.tif,https://datacatalogfiles.worldbank.org/ddh-published/0062763/2/DR0089139/GlobalFloodExposure/ETH/FloodPop_ETH_1503.tif
FloodPop_ETH_1504.tif,https://datacatalogfiles.worldbank.org/ddh-published/0062763/2/DR0089139/GlobalFloodExposure/ETH/FloodPop_ETH_1504.tif
FloodPop_ETH_1504.tif.aux.xml,https://datacatalogfiles.worldbank.org/ddh-published/0062763/2/DR0089139/GlobalFloodExposure/ETH/FloodPop_ETH_1504.tif.aux.xml
FloodPop_ETH_1505.tif,https://datacatalogfiles.worldbank.org/ddh-published/0062763/2/DR0089139/GlobalFloodExposure/ETH/FloodPop_ETH_1505.tif
FloodPop_ETH_1506.tif,https://datacatalogfiles.worldbank.org/ddh-published/0062763/2/DR0089139/GlobalFloodExposure/ETH/FloodPop_ETH_1506.tif
FloodPop_ETH_1506.tif.aux.xml,https://datacatalogfiles.worldbank.org/ddh-published/0062763/2/DR0089139/GlobalFloodExposure/ETH/FloodPop_ETH_1506.tif.aux.xml
FloodPop_ETH_1507.tif,https://datacatalogfiles.worldbank.org/ddh-published/0062763/2/DR0089139/GlobalFloodExposure/ETH/FloodPop_ETH_1507.tif
FloodPop_ETH_1508.tif,https://datacatalogfiles.worldbank.org/ddh-published/0062763/2/DR0089139/GlobalFloodExposure/ETH/FloodPop_ETH_1508.tif
FloodPop_ETH_1509.tif,https://datacatalogfiles.worldbank.org/ddh-published/0062763/2/DR0089139/GlobalFloodExposure/ETH/FloodPop_ETH_1509.tif
FloodPop_ETH_1510.tif,https://datacatalogfiles.worldbank.org/ddh-published/0062763/2/DR0089139/GlobalFloodExposure/ETH/FloodPop_ETH_1510.tif
FloodPop_FIN_1950.tif,https://datacatalogfiles.worldbank.org/ddh-published/0062763/2/DR0089139/GlobalFloodExposure/FIN/FloodPop_FIN_1950.tif
FloodPop_FIN_975.tif,https://datacatalogfiles.worldbank.org/ddh-published/0062763/2/DR0089139/GlobalFloodExposure/FIN/FloodPop_FIN_975.tif
FloodPop_FIN_976.tif,https://datacatalogfiles.worldbank.org/ddh-published/0062763/2/DR0089139/GlobalFloodExposure/FIN/FloodPop_FIN_976.tif
FloodPop_FIN_977.tif,https://datacatalogfiles.worldbank.org/ddh-published/0062763/2/DR0089139/GlobalFloodExposure/FIN/FloodPop_FIN_977.tif
FloodPop_FIN_978.tif,https://datacatalogfiles.worldbank.org/ddh-published/0062763/2/DR0089139/GlobalFloodExposure/FIN/FloodPop_FIN_978.tif
FloodPop_FJI_1136.tif,https://datacatalogfiles.worldbank.org/ddh-published/0062763/2/DR0089139/GlobalFloodExposure/FJI/FloodPop_FJI_1136.tif
FloodPop_FJI_1139.tif,https://datacatalogfiles.worldbank.org/ddh-published/0062763/2/DR0089139/GlobalFloodExposure/FJI/FloodPop_FJI_1139.tif
FloodPop_FRA_284.tif,https://datacatalogfiles.worldbank.org/ddh-published/0062763/2/DR0089139/GlobalFloodExposure/FRA/FloodPop_FRA_284.tif
FloodPop_FRA_285.tif,https://datacatalogfiles.worldbank.org/ddh-published/0062763/2/DR0089139/GlobalFloodExposure/FRA/FloodPop_FRA_285.tif
FloodPop_FRA_286.tif,https://datacatalogfiles.worldbank.org/ddh-published/0062763/2/DR0089139/GlobalFloodExposure/FRA/FloodPop_FRA_286.tif
FloodPop_FRA_287.tif,https://datacatalogfiles.worldbank.org/ddh-published/0062763/2/DR0089139/GlobalFloodExposure/FRA/FloodPop_FRA_287.tif
FloodPop_FRA_288.tif,https://datacatalogfiles.worldbank.org/ddh-published/0062763/2/DR0089139/GlobalFloodExposure/FRA/FloodPop_FRA_288.tif
FloodPop_FRA_289.tif,https://datacatalogfiles.worldbank.org/ddh-published/0062763/2/DR0089139/GlobalFloodExposure/FRA/FloodPop_FRA_289.tif
FloodPop_FRA_290.tif,https://datacatalogfiles.worldbank.org/ddh-published/0062763/2/DR0089139/GlobalFloodExposure/FRA/FloodPop_FRA_290.tif
FloodPop_FRA_291.tif,https://datacatalogfiles.worldbank.org/ddh-published/0062763/2/DR0089139/GlobalFloodExposure/FRA/FloodPop_FRA_291.tif
FloodPop_FRA_292.tif,https://datacatalogfiles.worldbank.org/ddh-published/0062763/2/DR0089139/GlobalFloodExposure/FRA/FloodPop_FRA_292.tif
FloodPop_FRA_293.tif,https://datacatalogfiles.worldbank.org/ddh-published/0062763/2/DR0089139/GlobalFloodExposure/FRA/FloodPop_FRA_293.tif
FloodPop_FRA_294.tif,https://datacatalogfiles.worldbank.org/ddh-published/0062763/2/DR0089139/GlobalFloodExposure/FRA/FloodPop_FRA_294.tif
FloodPop_FRA_295.tif,https://datacatalogfiles.worldbank.org/ddh-published/0062763/2/DR0089139/GlobalFloodExposure/FRA/FloodPop_FRA_295.tif
FloodPop_FRA_296.tif,https://datacatalogfiles.worldbank.org/ddh-published/0062763/2/DR0089139/GlobalFloodExposure/FRA/FloodPop_FRA_296.tif
FloodPop_FRA_297.tif,https://datacatalogfiles.worldbank.org/ddh-published/0062763/2/DR0089139/GlobalFloodExposure/FRA/FloodPop_FRA_297.tif
FloodPop_FRA_298.tif,https://datacatalogfiles.worldbank.org/ddh-published/0062763/2/DR0089139/GlobalFloodExposure/FRA/FloodPop_FRA_298.tif
FloodPop_FRA_299.tif,https://datacatalogfiles.worldbank.org/ddh-published/0062763/2/DR0089139/GlobalFloodExposure/FRA/FloodPop_FRA_299.tif
FloodPop_FRA_300.tif,https://datacatalogfiles.worldbank.org/ddh-published/0062763/2/DR0089139/GlobalFloodExposure/FRA/FloodPop_FRA_300.tif
FloodPop_FRA_301.tif,https://datacatalogfiles.worldbank.org/ddh-published/0062763/2/DR0089139/GlobalFloodExposure/FRA/FloodPop_FRA_301.tif
FloodPop_FRA_302.tif,https://datacatalogfiles.worldbank.org/ddh-published/0062763/2/DR0089139/GlobalFloodExposure/FRA/FloodPop_FRA_302.tif
FloodPop_FRA_303.tif,https://datacatalogfiles.worldbank.org/ddh-published/0062763/2/DR0089139/GlobalFloodExposure/FRA/FloodPop_FRA_303.tif
FloodPop_FRA_304.tif,https://datacatalogfiles.worldbank.org/ddh-published/0062763/2/DR0089139/GlobalFloodExposure/FRA/FloodPop_FRA_304.tif
FloodPop_FRA_305.tif,https://datacatalogfiles.worldbank.org/ddh-published/0062763/2/DR0089139/GlobalFloodExposure/FRA/FloodPop_FRA_305.tif
FloodPop_FRO_1905.tif,https://datacatalogfiles.worldbank.org/ddh-published/0062763/2/DR0089139/GlobalFloodExposure/FRO/FloodPop_FRO_1905.tif
FloodPop_FSM_0.tif,https://datacatalogfiles.worldbank.org/ddh-published/0062763/2/DR0089139/GlobalFloodExposure/FSM/FloodPop_FSM_0.tif
FloodPop_FSM_1.tif,https://datacatalogfiles.worldbank.org/ddh-published/0062763/2/DR0089139/GlobalFloodExposure/FSM/FloodPop_FSM_1.tif
FloodPop_FSM_3.tif,https://datacatalogfiles.worldbank.org/ddh-published/0062763/2/DR0089139/GlobalFloodExposure/FSM/FloodPop_FSM_3.tif
FloodPop_GAB_601.tif,https://datacatalogfiles.worldbank.org/ddh-published/0062763/2/DR0089139/GlobalFloodExposure/GAB/FloodPop_GAB_601.tif
FloodPop_GAB_602.tif,https://datacatalogfiles.worldbank.org/ddh-published/0062763/2/DR0089139/GlobalFloodExposure/GAB/FloodPop_GAB_602.tif
FloodPop_GAB_603.tif,https://datacatalogfiles.worldbank.org/ddh-published/0062763/2/DR0089139/GlobalFloodExposure/GAB/FloodPop_GAB_603.tif
FloodPop_GAB_604.tif,https://datacatalogfiles.worldbank.org/ddh-published/0062763/2/DR0089139/GlobalFloodExposure/GAB/FloodPop_GAB_604.tif
FloodPop_GAB_605.tif,https://datacatalogfiles.worldbank.org/ddh-published/0062763/2/DR0089139/GlobalFloodExposure/GAB/FloodPop_GAB_605.tif
FloodPop_GAB_606.tif,https://datacatalogfiles.worldbank.org/ddh-published/0062763/2/DR0089139/GlobalFloodExposure/GAB/FloodPop_GAB_606.tif
FloodPop_GAB_607.tif,https://datacatalogfiles.worldbank.org/ddh-published/0062763/2/DR0089139/GlobalFloodExposure/GAB/FloodPop_GAB_607.tif
FloodPop_GBR_934.tif,https://datacatalogfiles.worldbank.org/ddh-published/0062763/2/DR0089139/GlobalFloodExposure/GBR/FloodPop_GBR_934.tif
FloodPop_GBR_935.tif,https://datacatalogfiles.worldbank.org/ddh-published/0062763/2/DR0089139/GlobalFloodExposure/GBR/FloodPop_GBR_935.tif
FloodPop_GBR_936.tif,https://datacatalogfiles.worldbank.org/ddh-published/0062763/2/DR0089139/GlobalFloodExposure/GBR/FloodPop_GBR_936.tif
FloodPop_GBR_937.tif,https://datacatalogfiles.worldbank.org/ddh-published/0062763/2/DR0089139/GlobalFloodExposure/GBR/FloodPop_GBR_937.tif
FloodPop_GBR_938.tif,https://datacatalogfiles.worldbank.org/ddh-published/0062763/2/DR0089139/GlobalFloodExposure/GBR/FloodPop_GBR_938.tif
FloodPop_GBR_939.tif,https://datacatalogfiles.worldbank.org/ddh-published/0062763/2/DR0089139/GlobalFloodExposure/GBR/FloodPop_GBR_939.tif
FloodPop_GBR_940.tif,https://datacatalogfiles.worldbank.org/ddh-published/0062763/2/DR0089139/GlobalFloodExposure/GBR/FloodPop_GBR_940.tif
FloodPop_GBR_941.tif,https://datacatalogfiles.worldbank.org/ddh-published/0062763/2/DR0089139/GlobalFloodExposure/GBR/FloodPop_GBR_941.tif
FloodPop_GBR_942.tif,https://datacatalogfiles.worldbank.org/ddh-published/0062763/2/DR0089139/GlobalFloodExposure/GBR/FloodPop_GBR_942.tif
FloodPop_GBR_943.tif,https://datacatalogfiles.worldbank.org/ddh-published/0062763/2/DR0089139/GlobalFloodExposure/GBR/FloodPop_GBR_943.tif
FloodPop_GBR_944.tif,https://datacatalogfiles.worldbank.org/ddh-published/0062763/2/DR0089139/GlobalFloodExposure/GBR/FloodPop_GBR_944.tif
FloodPop_GBR_945.tif,https://datacatalogfiles.worldbank.org/ddh-published/0062763/2/DR0089139/GlobalFloodExposure/GBR/FloodPop_GBR_945.tif
FloodPop_GEO_1949.tif,https://datacatalogfiles.worldbank.org/ddh-published/0062763/2/DR0089139/GlobalFloodExposure/GEO/FloodPop_GEO_1949.tif
FloodPop_GEO_848.tif,https://datacatalogfiles.worldbank.org/ddh-published/0062763/2/DR0089139/GlobalFloodExposure/GEO/FloodPop_GEO_848.tif
FloodPop_GEO_849.tif,https://datacatalogfiles.worldbank.org/ddh-published/0062763/2/DR0089139/GlobalFloodExposure/GEO/FloodPop_GEO_849.tif
FloodPop_GEO_850.tif,https://datacatalogfiles.worldbank.org/ddh-published/0062763/2/DR0089139/GlobalFloodExposure/GEO/FloodPop_GEO_850.tif
FloodPop_GEO_851.tif,https://datacatalogfiles.worldbank.org/ddh-published/0062763/2/DR0089139/GlobalFloodExposure/GEO/FloodPop_GEO_851.tif
FloodPop_GEO_852.tif,https://datacatalogfiles.worldbank.org/ddh-published/0062763/2/DR0089139/GlobalFloodExposure/GEO/FloodPop_GEO_852.tif
FloodPop_GEO_853.tif,https://datacatalogfiles.worldbank.org/ddh-published/0062763/2/DR0089139/GlobalFloodExposure/GEO/FloodPop_GEO_853.tif
FloodPop_GEO_854.tif,https://datacatalogfiles.worldbank.org/ddh-published/0062763/2/DR0089139/GlobalFloodExposure/GEO/FloodPop_GEO_854.tif
FloodPop_GEO_855.tif,https://datacatalogfiles.worldbank.org/ddh-published/0062763/2/DR0089139/GlobalFloodExposure/GEO/FloodPop_GEO_855.tif
FloodPop_GEO_856.tif,https://datacatalogfiles.worldbank.org/ddh-published/0062763/2/DR0089139/GlobalFloodExposure/GEO/FloodPop_GEO_856.tif
FloodPop_GEO_857.tif,https://datacatalogfiles.worldbank.org/ddh-published/0062763/2/DR0089139/GlobalFloodExposure/GEO/FloodPop_GEO_857.tif
FloodPop_GHA_1655.tif,https://datacatalogfiles.worldbank.org/ddh-published/0062763/2/DR0089139/GlobalFloodExposure/GHA/FloodPop_GHA_1655.tif
FloodPop_GHA_1656.tif,https://datacatalogfiles.worldbank.org/ddh-published/0062763/2/DR0089139/GlobalFloodExposure/GHA/FloodPop_GHA_1656.tif
FloodPop_GHA_1657.tif,https://datacatalogfiles.worldbank.org/ddh-published/0062763/2/DR0089139/GlobalFloodExposure/GHA/FloodPop_GHA_1657.tif
FloodPop_GHA_1658.tif,https://datacatalogfiles.worldbank.org/ddh-published/0062763/2/DR0089139/GlobalFloodExposure/GHA/FloodPop_GHA_1658.tif
FloodPop_GHA_1659.tif,https://datacatalogfiles.worldbank.org/ddh-published/0062763/2/DR0089139/GlobalFloodExposure/GHA/FloodPop_GHA_1659.tif
FloodPop_GHA_1660.tif,https://datacatalogfiles.worldbank.org/ddh-published/0062763/2/DR0089139/GlobalFloodExposure/GHA/FloodPop_GHA_1660.tif
FloodPop_GHA_1661.tif,https://datacatalogfiles.worldbank.org/ddh-published/0062763/2/DR0089139/GlobalFloodExposure/GHA/FloodPop_GHA_1661.tif
FloodPop_GHA_1662.tif,https://datacatalogfiles.worldbank.org/ddh-published/0062763/2/DR0089139/GlobalFloodExposure/GHA/FloodPop_GHA_1662.tif
FloodPop_GHA_1663.tif,https://datacatalogfiles.worldbank.org/ddh-published/0062763/2/DR0089139/GlobalFloodExposure/GHA/FloodPop_GHA_1663.tif
FloodPop_GHA_1664.tif,https://datacatalogfiles.worldbank.org/ddh-published/0062763/2/DR0089139/GlobalFloodExposure/GHA/FloodPop_GHA_1664.tif
FloodPop_GIN_1780.tif,https://datacatalogfiles.worldbank.org/ddh-published/0062763/2/DR0089139/GlobalFloodExposure/GIN/FloodPop_GIN_1780.tif
FloodPop_GIN_1781.tif,https://datacatalogfiles.worldbank.org/ddh-published/0062763/2/DR0089139/GlobalFloodExposure/GIN/FloodPop_GIN_1781.tif
FloodPop_GIN_1782.tif,https://datacatalogfiles.worldbank.org/ddh-published/0062763/2/DR0089139/GlobalFloodExposure/GIN/FloodPop_GIN_1782.tif
FloodPop_GIN_1783.tif,https://datacatalogfiles.worldbank.org/ddh-published/0062763/2/DR0089139/GlobalFloodExposure/GIN/FloodPop_GIN_1783.tif
FloodPop_GIN_1784.tif,https://datacatalogfiles.worldbank.org/ddh-published/0062763/2/DR0089139/GlobalFloodExposure/GIN/FloodPop_GIN_1784.tif
FloodPop_GIN_1785.tif,https://datacatalogfiles.worldbank.org/ddh-published/0062763/2/DR0089139/GlobalFloodExposure/GIN/FloodPop_GIN_1785.tif
FloodPop_GIN_1786.tif,https://datacatalogfiles.worldbank.org/ddh-published/0062763/2/DR0089139/GlobalFloodExposure/GIN/FloodPop_GIN_1786.tif
FloodPop_GIN_1787.tif,https://datacatalogfiles.worldbank.org/ddh-published/0062763/2/DR0089139/GlobalFloodExposure/GIN/FloodPop_GIN_1787.tif
FloodPop_GMB_631.tif,https://datacatalogfiles.worldbank.org/ddh-published/0062763/2/DR0089139/GlobalFloodExposure/GMB/FloodPop_GMB_631.tif
FloodPop_GMB_632.tif,https://datacatalogfiles.worldbank.org/ddh-published/0062763/2/DR0089139/GlobalFloodExposure/GMB/FloodPop_GMB_632.tif
FloodPop_GMB_633.tif,https://datacatalogfiles.worldbank.org/ddh-published/0062763/2/DR0089139/GlobalFloodExposure/GMB/FloodPop_GMB_633.tif
FloodPop_GMB_634.tif,https://datacatalogfiles.worldbank.org/ddh-published/0062763/2/DR0089139/GlobalFloodExposure/GMB/FloodPop_GMB_634.tif
FloodPop_GMB_635.tif,https://datacatalogfiles.worldbank.org/ddh-published/0062763/2/DR0089139/GlobalFloodExposure/GMB/FloodPop_GMB_635.tif
FloodPop_GMB_636.tif,https://datacatalogfiles.worldbank.org/ddh-published/0062763/2/DR0089139/GlobalFloodExposure/GMB/FloodPop_GMB_636.tif
FloodPop_GMB_637.tif,https://datacatalogfiles.worldbank.org/ddh-published/0062763/2/DR0089139/GlobalFloodExposure/GMB/FloodPop_GMB_637.tif
FloodPop_GMB_638.tif,https://datacatalogfiles.worldbank.org/ddh-published/0062763/2/DR0089139/GlobalFloodExposure/GMB/FloodPop_GMB_638.tif
FloodPop_GNB_1715.tif,https://datacatalogfiles.worldbank.org/ddh-published/0062763/2/DR0089139/GlobalFloodExposure/GNB/FloodPop_GNB_1715.tif
FloodPop_GNB_1716.tif,https://datacatalogfiles.worldbank.org/ddh-published/0062763/2/DR0089139/GlobalFloodExposure/GNB/FloodPop_GNB_1716.tif
FloodPop_GNB_1717.tif,https://datacatalogfiles.worldbank.org/ddh-published/0062763/2/DR0089139/GlobalFloodExposure/GNB/FloodPop_GNB_1717.tif
FloodPop_GNB_1718.tif,https://datacatalogfiles.worldbank.org/ddh-published/0062763/2/DR0089139/GlobalFloodExposure/GNB/FloodPop_GNB_1718.tif
FloodPop_GNB_1719.tif,https://datacatalogfiles.worldbank.org/ddh-published/0062763/2/DR0089139/GlobalFloodExposure/GNB/FloodPop_GNB_1719.tif
FloodPop_GNB_1720.tif,https://datacatalogfiles.worldbank.org/ddh-published/0062763/2/DR0089139/GlobalFloodExposure/GNB/FloodPop_GNB_1720.tif
FloodPop_GNB_1721.tif,https://datacatalogfiles.worldbank.org/ddh-published/0062763/2/DR0089139/GlobalFloodExposure/GNB/FloodPop_GNB_1721.tif
FloodPop_GNB_1722.tif,https://datacatalogfiles.worldbank.org/ddh-published/0062763/2/DR0089139/GlobalFloodExposure/GNB/FloodPop_GNB_1722.tif
FloodPop_GNB_1723.tif,https://datacatalogfiles.worldbank.org/ddh-published/0062763/2/DR0089139/GlobalFloodExposure/GNB/FloodPop_GNB_1723.tif
FloodPop_GNQ_2165.tif,https://datacatalogfiles.worldbank.org/ddh-published/0062763/2/DR0089139/GlobalFloodExposure/GNQ/FloodPop_GNQ_2165.tif
FloodPop_GNQ_2166.tif,https://datacatalogfiles.worldbank.org/ddh-published/0062763/2/DR0089139/GlobalFloodExposure/GNQ/FloodPop_GNQ_2166.tif
FloodPop_GNQ_2167.tif,https://datacatalogfiles.worldbank.org/ddh-published/0062763/2/DR0089139/GlobalFloodExposure/GNQ/FloodPop_GNQ_2167.tif
FloodPop_GNQ_2168.tif,https://datacatalogfiles.worldbank.org/ddh-published/0062763/2/DR0089139/GlobalFloodExposure/GNQ/FloodPop_GNQ_2168.tif
FloodPop_GNQ_2169.tif,https://datacatalogfiles.worldbank.org/ddh-published/0062763/2/DR0089139/GlobalFloodExposure/GNQ/FloodPop_GNQ_2169.tif
FloodPop_GNQ_2170.tif,https://datacatalogfiles.worldbank.org/ddh-published/0062763/2/DR0089139/GlobalFloodExposure/GNQ/FloodPop_GNQ_2170.tif
FloodPop_GNQ_2171.tif,https://datacatalogfiles.worldbank.org/ddh-published/0062763/2/DR0089139/GlobalFloodExposure/GNQ/FloodPop_GNQ_2171.tif
FloodPop_GRC_877.tif,https://datacatalogfiles.worldbank.org/ddh-published/0062763/2/DR0089139/GlobalFloodExposure/GRC/FloodPop_GRC_877.tif
FloodPop_GRC_878.tif,https://datacatalogfiles.worldbank.org/ddh-published/0062763/2/DR0089139/GlobalFloodExposure/GRC/FloodPop_GRC_878.tif
FloodPop_GRC_879.tif,https://datacatalogfiles.worldbank.org/ddh-published/0062763/2/DR0089139/GlobalFloodExposure/GRC/FloodPop_GRC_879.tif
FloodPop_GRC_880.tif,https://datacatalogfiles.worldbank.org/ddh-published/0062763/2/DR0089139/GlobalFloodExposure/GRC/FloodPop_GRC_880.tif
FloodPop_GRD_2061.tif,https://datacatalogfiles.worldbank.org/ddh-published/0062763/2/DR0089139/GlobalFloodExposure/GRD/FloodPop_GRD_2061.tif
FloodPop_GRD_2062.tif,https://datacatalogfiles.worldbank.org/ddh-published/0062763/2/DR0089139/GlobalFloodExposure/GRD/FloodPop_GRD_2062.tif
FloodPop_GRD_2063.tif,https://datacatalogfiles.worldbank.org/ddh-published/0062763/2/DR0089139/GlobalFloodExposure/GRD/FloodPop_GRD_2063.tif
FloodPop_GRD_2064.tif,https://datacatalogfiles.worldbank.org/ddh-published/0062763/2/DR0089139/GlobalFloodExposure/GRD/FloodPop_GRD_2064.tif
FloodPop_GRD_2065.tif,https://datacatalogfiles.worldbank.org/ddh-published/0062763/2/DR0089139/GlobalFloodExposure/GRD/FloodPop_GRD_2065.tif
FloodPop_GRD_2113.tif,https://datacatalogfiles.worldbank.org/ddh-published/0062763/2/DR0089139/GlobalFloodExposure/GRD/FloodPop_GRD_2113.tif
FloodPop_GRD_2114.tif,https://datacatalogfiles.worldbank.org/ddh-published/0062763/2/DR0089139/GlobalFloodExposure/GRD/FloodPop_GRD_2114.tif
FloodPop_GTM_1324.tif,https://datacatalogfiles.worldbank.org/ddh-published/0062763/2/DR0089139/GlobalFloodExposure/GTM/FloodPop_GTM_1324.tif
FloodPop_GTM_1325.tif,https://datacatalogfiles.worldbank.org/ddh-published/0062763/2/DR0089139/GlobalFloodExposure/GTM/FloodPop_GTM_1325.tif
FloodPop_GTM_1326.tif,https://datacatalogfiles.worldbank.org/ddh-published/0062763/2/DR0089139/GlobalFloodExposure/GTM/FloodPop_GTM_1326.tif
FloodPop_GTM_1327.tif,https://datacatalogfiles.worldbank.org/ddh-published/0062763/2/DR0089139/GlobalFloodExposure/GTM/FloodPop_GTM_1327.tif
FloodPop_GTM_1328.tif,https://datacatalogfiles.worldbank.org/ddh-published/0062763/2/DR0089139/GlobalFloodExposure/GTM/FloodPop_GTM_1328.tif
FloodPop_GTM_1329.tif,https://datacatalogfiles.worldbank.org/ddh-published/0062763/2/DR0089139/GlobalFloodExposure/GTM/FloodPop_GTM_1329.tif
FloodPop_GTM_1330.tif,https://datacatalogfiles.worldbank.org/ddh-published/0062763/2/DR0089139/GlobalFloodExposure/GTM/FloodPop_GTM_1330.tif
FloodPop_GTM_1331.tif,https://datacatalogfiles.worldbank.org/ddh-published/0062763/2/DR0089139/GlobalFloodExposure/GTM/FloodPop_GTM_1331.tif
FloodPop_GTM_1332.tif,https://datacatalogfiles.worldbank.org/ddh-published/0062763/2/DR0089139/GlobalFloodExposure/GTM/FloodPop_GTM_1332.tif
FloodPop_GTM_1333.tif,https://datacatalogfiles.worldbank.org/ddh-published/0062763/2/DR0089139/GlobalFloodExposure/GTM/FloodPop_GTM_1333.tif
FloodPop_GTM_1334.tif,https://datacatalogfiles.worldbank.org/ddh-published/0062763/2/DR0089139/GlobalFloodExposure/GTM/FloodPop_GTM_1334.tif
FloodPop_GTM_1335.tif,https://datacatalogfiles.worldbank.org/ddh-published/0062763/2/DR0089139/GlobalFloodExposure/GTM/FloodPop_GTM_1335.tif
FloodPop_GTM_1336.tif,https://datacatalogfiles.worldbank.org/ddh-published/0062763/2/DR0089139/GlobalFloodExposure/GTM/FloodPop_GTM_1336.tif
FloodPop_GTM_1337.tif,https://datacatalogfiles.worldbank.org/ddh-published/0062763/2/DR0089139/GlobalFloodExposure/GTM/FloodPop_GTM_1337.tif
FloodPop_GTM_1338.tif,https://datacatalogfiles.worldbank.org/ddh-published/0062763/2/DR0089139/GlobalFloodExposure/GTM/FloodPop_GTM_1338.tif
FloodPop_GTM_1339.tif,https://datacatalogfiles.worldbank.org/ddh-published/0062763/2/DR0089139/GlobalFloodExposure/GTM/FloodPop_GTM_1339.tif
FloodPop_GTM_1340.tif,https://datacatalogfiles.worldbank.org/ddh-published/0062763/2/DR0089139/GlobalFloodExposure/GTM/FloodPop_GTM_1340.tif
FloodPop_GTM_1341.tif,https://datacatalogfiles.worldbank.org/ddh-published/0062763/2/DR0089139/GlobalFloodExposure/GTM/FloodPop_GTM_1341.tif
FloodPop_GTM_1342.tif,https://datacatalogfiles.worldbank.org/ddh-published/0062763/2/DR0089139/GlobalFloodExposure/GTM/FloodPop_GTM_1342.tif
FloodPop_GTM_1343.tif,https://datacatalogfiles.worldbank.org/ddh-published/0062763/2/DR0089139/GlobalFloodExposure/GTM/FloodPop_GTM_1343.tif
FloodPop_GTM_1344.tif,https://datacatalogfiles.worldbank.org/ddh-published/0062763/2/DR0089139/GlobalFloodExposure/GTM/FloodPop_GTM_1344.tif
FloodPop_GTM_1345.tif,https://datacatalogfiles.worldbank.org/ddh-published/0062763/2/DR0089139/GlobalFloodExposure/GTM/FloodPop_GTM_1345.tif
FloodPop_GUM_2036.tif,https://datacatalogfiles.worldbank.org/ddh-published/0062763/2/DR0089139/GlobalFloodExposure/GUM/FloodPop_GUM_2036.tif
FloodPop_GUY_1208.tif,https://datacatalogfiles.worldbank.org/ddh-published/0062763/2/DR0089139/GlobalFloodExposure/GUY/FloodPop_GUY_1208.tif
FloodPop_HKG_2019.tif,https://datacatalogfiles.worldbank.org/ddh-published/0062763/2/DR0089139/GlobalFloodExposure/HKG/FloodPop_HKG_2019.tif
FloodPop_HND_1410.tif,https://datacatalogfiles.worldbank.org/ddh-published/0062763/2/DR0089139/GlobalFloodExposure/HND/FloodPop_HND_1410.tif
FloodPop_HND_1411.tif,https://datacatalogfiles.worldbank.org/ddh-published/0062763/2/DR0089139/GlobalFloodExposure/HND/FloodPop_HND_1411.tif
FloodPop_HND_1412.tif,https://datacatalogfiles.worldbank.org/ddh-published/0062763/2/DR0089139/GlobalFloodExposure/HND/FloodPop_HND_1412.tif
FloodPop_HND_1413.tif,https://datacatalogfiles.worldbank.org/ddh-published/0062763/2/DR0089139/GlobalFloodExposure/HND/FloodPop_HND_1413.tif
FloodPop_HND_1414.tif,https://datacatalogfiles.worldbank.org/ddh-published/0062763/2/DR0089139/GlobalFloodExposure/HND/FloodPop_HND_1414.tif
FloodPop_HND_1415.tif,https://datacatalogfiles.worldbank.org/ddh-published/0062763/2/DR0089139/GlobalFloodExposure/HND/FloodPop_HND_1415.tif
FloodPop_HND_1416.tif,https://datacatalogfiles.worldbank.org/ddh-published/0062763/2/DR0089139/GlobalFloodExposure/HND/FloodPop_HND_1416.tif
FloodPop_HND_1417.tif,https://datacatalogfiles.worldbank.org/ddh-published/0062763/2/DR0089139/GlobalFloodExposure/HND/FloodPop_HND_1417.tif
FloodPop_HND_1418.tif,https://datacatalogfiles.worldbank.org/ddh-published/0062763/2/DR0089139/GlobalFloodExposure/HND/FloodPop_HND_1418.tif
FloodPop_HND_1419.tif,https://datacatalogfiles.worldbank.org/ddh-published/0062763/2/DR0089139/GlobalFloodExposure/HND/FloodPop_HND_1419.tif
FloodPop_HND_1420.tif,https://datacatalogfiles.worldbank.org/ddh-published/0062763/2/DR0089139/GlobalFloodExposure/HND/FloodPop_HND_1420.tif
FloodPop_HND_1421.tif,https://datacatalogfiles.worldbank.org/ddh-published/0062763/2/DR0089139/GlobalFloodExposure/HND/FloodPop_HND_1421.tif
FloodPop_HND_1422.tif,https://datacatalogfiles.worldbank.org/ddh-published/0062763/2/DR0089139/GlobalFloodExposure/HND/FloodPop_HND_1422.tif
FloodPop_HND_1423.tif,https://datacatalogfiles.worldbank.org/ddh-published/0062763/2/DR0089139/GlobalFloodExposure/HND/FloodPop_HND_1423.tif
FloodPop_HND_1424.tif,https://datacatalogfiles.worldbank.org/ddh-published/0062763/2/DR0089139/GlobalFloodExposure/HND/FloodPop_HND_1424.tif
FloodPop_HND_1425.tif,https://datacatalogfiles.worldbank.org/ddh-published/0062763/2/DR0089139/GlobalFloodExposure/HND/FloodPop_HND_1425.tif
FloodPop_HND_2118.tif,https://datacatalogfiles.worldbank.org/ddh-published/0062763/2/DR0089139/GlobalFloodExposure/HND/FloodPop_HND_2118.tif
FloodPop_HND_2119.tif,https://datacatalogfiles.worldbank.org/ddh-published/0062763/2/DR0089139/GlobalFloodExposure/HND/FloodPop_HND_2119.tif
FloodPop_HRV_996.tif,https://datacatalogfiles.worldbank.org/ddh-published/0062763/2/DR0089139/GlobalFloodExposure/HRV/FloodPop_HRV_996.tif
FloodPop_HTI_1346.tif,https://datacatalogfiles.worldbank.org/ddh-published/0062763/2/DR0089139/GlobalFloodExposure/HTI/FloodPop_HTI_1346.tif
FloodPop_HTI_1347.tif,https://datacatalogfiles.worldbank.org/ddh-published/0062763/2/DR0089139/GlobalFloodExposure/HTI/FloodPop_HTI_1347.tif
FloodPop_HTI_1348.tif,https://datacatalogfiles.worldbank.org/ddh-published/0062763/2/DR0089139/GlobalFloodExposure/HTI/FloodPop_HTI_1348.tif
FloodPop_HTI_1349.tif,https://datacatalogfiles.worldbank.org/ddh-published/0062763/2/DR0089139/GlobalFloodExposure/HTI/FloodPop_HTI_1349.tif
FloodPop_HTI_1350.tif,https://datacatalogfiles.worldbank.org/ddh-published/0062763/2/DR0089139/GlobalFloodExposure/HTI/FloodPop_HTI_1350.tif
FloodPop_HTI_1351.tif,https://datacatalogfiles.worldbank.org/ddh-published/0062763/2/DR0089139/GlobalFloodExposure/HTI/FloodPop_HTI_1351.tif
FloodPop_HTI_1352.tif,https://datacatalogfiles.worldbank.org/ddh-published/0062763/2/DR0089139/GlobalFloodExposure/HTI/FloodPop_HTI_1352.tif
FloodPop_HTI_1353.tif,https://datacatalogfiles.worldbank.org/ddh-published/0062763/2/DR0089139/GlobalFloodExposure/HTI/FloodPop_HTI_1353.tif
FloodPop_HTI_1354.tif,https://datacatalogfiles.worldbank.org/ddh-published/0062763/2/DR0089139/GlobalFloodExposure/HTI/FloodPop_HTI_1354.tif
FloodPop_HTI_1355.tif,https://datacatalogfiles.worldbank.org/ddh-published/0062763/2/DR0089139/GlobalFloodExposure/HTI/FloodPop_HTI_1355.tif
FloodPop_HUN_972.tif,https://datacatalogfiles.worldbank.org/ddh-published/0062763/2/DR0089139/GlobalFloodExposure/HUN/FloodPop_HUN_972.tif
FloodPop_HUN_973.tif,https://datacatalogfiles.worldbank.org/ddh-published/0062763/2/DR0089139/GlobalFloodExposure/HUN/FloodPop_HUN_973.tif
FloodPop_HUN_974.tif,https://datacatalogfiles.worldbank.org/ddh-published/0062763/2/DR0089139/GlobalFloodExposure/HUN/FloodPop_HUN_974.tif
FloodPop_IDN_33.tif,https://datacatalogfiles.worldbank.org/ddh-published/0062763/2/DR0089139/GlobalFloodExposure/IDN/FloodPop_IDN_33.tif
FloodPop_IDN_34.tif,https://datacatalogfiles.worldbank.org/ddh-published/0062763/2/DR0089139/GlobalFloodExposure/IDN/FloodPop_IDN_34.tif
FloodPop_IDN_35.tif,https://datacatalogfiles.worldbank.org/ddh-published/0062763/2/DR0089139/GlobalFloodExposure/IDN/FloodPop_IDN_35.tif
FloodPop_IDN_36.tif,https://datacatalogfiles.worldbank.org/ddh-published/0062763/2/DR0089139/GlobalFloodExposure/IDN/FloodPop_IDN_36.tif
FloodPop_IDN_37.tif,https://datacatalogfiles.worldbank.org/ddh-published/0062763/2/DR0089139/GlobalFloodExposure/IDN/FloodPop_IDN_37.tif
FloodPop_IDN_38.tif,https://datacatalogfiles.worldbank.org/ddh-published/0062763/2/DR0089139/GlobalFloodExposure/IDN/FloodPop_IDN_38.tif
FloodPop_IDN_39.tif,https://datacatalogfiles.worldbank.org/ddh-published/0062763/2/DR0089139/GlobalFloodExposure/IDN/FloodPop_IDN_39.tif
FloodPop_IDN_40.tif,https://datacatalogfiles.worldbank.org/ddh-published/0062763/2/DR0089139/GlobalFloodExposure/IDN/FloodPop_IDN_40.tif
FloodPop_IDN_41.tif,https://datacatalogfiles.worldbank.org/ddh-published/0062763/2/DR0089139/GlobalFloodExposure/IDN/FloodPop_IDN_41.tif
FloodPop_IDN_42.tif,https://datacatalogfiles.worldbank.org/ddh-published/0062763/2/DR0089139/GlobalFloodExposure/IDN/FloodPop_IDN_42.tif
FloodPop_IDN_43.tif,https://datacatalogfiles.worldbank.org/ddh-published/0062763/2/DR0089139/GlobalFloodExposure/IDN/FloodPop_IDN_43.tif
FloodPop_IDN_43.tif.aux.xml,https://datacatalogfiles.worldbank.org/ddh-published/0062763/2/DR0089139/GlobalFloodExposure/IDN/FloodPop_IDN_43.tif.aux.xml
FloodPop_IDN_44.tif,https://datacatalogfiles.worldbank.org/ddh-published/0062763/2/DR0089139/GlobalFloodExposure/IDN/FloodPop_IDN_44.tif
FloodPop_IDN_45.tif,https://datacatalogfiles.worldbank.org/ddh-published/0062763/2/DR0089139/GlobalFloodExposure/IDN/FloodPop_IDN_45.tif
FloodPop_IDN_46.tif,https://datacatalogfiles.worldbank.org/ddh-published/0062763/2/DR0089139/GlobalFloodExposure/IDN/FloodPop_IDN_46.tif
FloodPop_IDN_47.tif,https://datacatalogfiles.worldbank.org/ddh-published/0062763/2/DR0089139/GlobalFloodExposure/IDN/FloodPop_IDN_47.tif
FloodPop_IDN_48.tif,https://datacatalogfiles.worldbank.org/ddh-published/0062763/2/DR0089139/GlobalFloodExposure/IDN/FloodPop_IDN_48.tif
FloodPop_IDN_49.tif,https://datacatalogfiles.worldbank.org/ddh-published/0062763/2/DR0089139/GlobalFloodExposure/IDN/FloodPop_IDN_49.tif
FloodPop_IDN_50.tif,https://datacatalogfiles.worldbank.org/ddh-published/0062763/2/DR0089139/GlobalFloodExposure/IDN/FloodPop_IDN_50.tif
FloodPop_IDN_51.tif,https://datacatalogfiles.worldbank.org/ddh-published/0062763/2/DR0089139/GlobalFloodExposure/IDN/FloodPop_IDN_51.tif
FloodPop_IDN_52.tif,https://datacatalogfiles.worldbank.org/ddh-published/0062763/2/DR0089139/GlobalFloodExposure/IDN/FloodPop_IDN_52.tif
FloodPop_IDN_53.tif,https://datacatalogfiles.worldbank.org/ddh-published/0062763/2/DR0089139/GlobalFloodExposure/IDN/FloodPop_IDN_53.tif
FloodPop_IDN_54.tif,https://datacatalogfiles.worldbank.org/ddh-published/0062763/2/DR0089139/GlobalFloodExposure/IDN/FloodPop_IDN_54.tif
FloodPop_IDN_55.tif,https://datacatalogfiles.worldbank.org/ddh-published/0062763/2/DR0089139/GlobalFloodExposure/IDN/FloodPop_IDN_55.tif
FloodPop_IDN_56.tif,https://datacatalogfiles.worldbank.org/ddh-published/0062763/2/DR0089139/GlobalFloodExposure/IDN/FloodPop_IDN_56.tif
FloodPop_IDN_57.tif,https://datacatalogfiles.worldbank.org/ddh-published/0062763/2/DR0089139/GlobalFloodExposure/IDN/FloodPop_IDN_57.tif
FloodPop_IDN_58.tif,https://datacatalogfiles.worldbank.org/ddh-published/0062763/2/DR0089139/GlobalFloodExposure/IDN/FloodPop_IDN_58.tif
FloodPop_IDN_59.tif,https://datacatalogfiles.worldbank.org/ddh-published/0062763/2/DR0089139/GlobalFloodExposure/IDN/FloodPop_IDN_59.tif
FloodPop_IDN_60.tif,https://datacatalogfiles.worldbank.org/ddh-published/0062763/2/DR0089139/GlobalFloodExposure/IDN/FloodPop_IDN_60.tif
FloodPop_IDN_61.tif,https://datacatalogfiles.worldbank.org/ddh-published/0062763/2/DR0089139/GlobalFloodExposure/IDN/FloodPop_IDN_61.tif
FloodPop_IDN_62.tif,https://datacatalogfiles.worldbank.org/ddh-published/0062763/2/DR0089139/GlobalFloodExposure/IDN/FloodPop_IDN_62.tif
FloodPop_IDN_63.tif,https://datacatalogfiles.worldbank.org/ddh-published/0062763/2/DR0089139/GlobalFloodExposure/IDN/FloodPop_IDN_63.tif
FloodPop_IDN_64.tif,https://datacatalogfiles.worldbank.org/ddh-published/0062763/2/DR0089139/GlobalFloodExposure/IDN/FloodPop_IDN_64.tif
FloodPop_IDN_65.tif,https://datacatalogfiles.worldbank.org/ddh-published/0062763/2/DR0089139/GlobalFloodExposure/IDN/FloodPop_IDN_65.tif
FloodPop_IND_1038.tif,https://datacatalogfiles.worldbank.org/ddh-published/0062763/2/DR0089139/GlobalFloodExposure/IND/FloodPop_IND_1038.tif
FloodPop_IND_1039.tif,https://datacatalogfiles.worldbank.org/ddh-published/0062763/2/DR0089139/GlobalFloodExposure/IND/FloodPop_IND_1039.tif
FloodPop_IND_1040.tif,https://datacatalogfiles.worldbank.org/ddh-published/0062763/2/DR0089139/GlobalFloodExposure/IND/FloodPop_IND_1040.tif
FloodPop_IND_1041.tif,https://datacatalogfiles.worldbank.org/ddh-published/0062763/2/DR0089139/GlobalFloodExposure/IND/FloodPop_IND_1041.tif
FloodPop_IND_1042.tif,https://datacatalogfiles.worldbank.org/ddh-published/0062763/2/DR0089139/GlobalFloodExposure/IND/FloodPop_IND_1042.tif
FloodPop_IND_1043.tif,https://datacatalogfiles.worldbank.org/ddh-published/0062763/2/DR0089139/GlobalFloodExposure/IND/FloodPop_IND_1043.tif
FloodPop_IND_1044.tif,https://datacatalogfiles.worldbank.org/ddh-published/0062763/2/DR0089139/GlobalFloodExposure/IND/FloodPop_IND_1044.tif
FloodPop_IND_1045.tif,https://datacatalogfiles.worldbank.org/ddh-published/0062763/2/DR0089139/GlobalFloodExposure/IND/FloodPop_IND_1045.tif
FloodPop_IND_1046.tif,https://datacatalogfiles.worldbank.org/ddh-published/0062763/2/DR0089139/GlobalFloodExposure/IND/FloodPop_IND_1046.tif
FloodPop_IND_1047.tif,https://datacatalogfiles.worldbank.org/ddh-published/0062763/2/DR0089139/GlobalFloodExposure/IND/FloodPop_IND_1047.tif
FloodPop_IND_1048.tif,https://datacatalogfiles.worldbank.org/ddh-published/0062763/2/DR0089139/GlobalFloodExposure/IND/FloodPop_IND_1048.tif
FloodPop_IND_1049.tif,https://datacatalogfiles.worldbank.org/ddh-published/0062763/2/DR0089139/GlobalFloodExposure/IND/FloodPop_IND_1049.tif
FloodPop_IND_1050.tif,https://datacatalogfiles.worldbank.org/ddh-published/0062763/2/DR0089139/GlobalFloodExposure/IND/FloodPop_IND_1050.tif
FloodPop_IND_1051.tif,https://datacatalogfiles.worldbank.org/ddh-published/0062763/2/DR0089139/GlobalFloodExposure/IND/FloodPop_IND_1051.tif
FloodPop_IND_1052.tif,https://datacatalogfiles.worldbank.org/ddh-published/0062763/2/DR0089139/GlobalFloodExposure/IND/FloodPop_IND_1052.tif
FloodPop_IND_1053.tif,https://datacatalogfiles.worldbank.org/ddh-published/0062763/2/DR0089139/GlobalFloodExposure/IND/FloodPop_IND_1053.tif
FloodPop_IND_1054.tif,https://datacatalogfiles.worldbank.org/ddh-published/0062763/2/DR0089139/GlobalFloodExposure/IND/FloodPop_IND_1054.tif
FloodPop_IND_1055.tif,https://datacatalogfiles.worldbank.org/ddh-published/0062763/2/DR0089139/GlobalFloodExposure/IND/FloodPop_IND_1055.tif
FloodPop_IND_1056.tif,https://datacatalogfiles.worldbank.org/ddh-published/0062763/2/DR0089139/GlobalFloodExposure/IND/FloodPop_IND_1056.tif
FloodPop_IND_1057.tif,https://datacatalogfiles.worldbank.org/ddh-published/0062763/2/DR0089139/GlobalFloodExposure/IND/FloodPop_IND_1057.tif
FloodPop_IND_1058.tif,https://datacatalogfiles.worldbank.org/ddh-published/0062763/2/DR0089139/GlobalFloodExposure/IND/FloodPop_IND_1058.tif
FloodPop_IND_1059.tif,https://datacatalogfiles.worldbank.org/ddh-published/0062763/2/DR0089139/GlobalFloodExposure/IND/FloodPop_IND_1059.tif
FloodPop_IND_1060.tif,https://datacatalogfiles.worldbank.org/ddh-published/0062763/2/DR0089139/GlobalFloodExposure/IND/FloodPop_IND_1060.tif
FloodPop_IND_1061.tif,https://datacatalogfiles.worldbank.org/ddh-published/0062763/2/DR0089139/GlobalFloodExposure/IND/FloodPop_IND_1061.tif
FloodPop_IND_1062.tif,https://datacatalogfiles.worldbank.org/ddh-published/0062763/2/DR0089139/GlobalFloodExposure/IND/FloodPop_IND_1062.tif
FloodPop_IND_1063.tif,https://datacatalogfiles.worldbank.org/ddh-published/0062763/2/DR0089139/GlobalFloodExposure/IND/FloodPop_IND_1063.tif
FloodPop_IND_1064.tif,https://datacatalogfiles.worldbank.org/ddh-published/0062763/2/DR0089139/GlobalFloodExposure/IND/FloodPop_IND_1064.tif
FloodPop_IND_1065.tif,https://datacatalogfiles.worldbank.org/ddh-published/0062763/2/DR0089139/GlobalFloodExposure/IND/FloodPop_IND_1065.tif
FloodPop_IND_1066.tif,https://datacatalogfiles.worldbank.org/ddh-published/0062763/2/DR0089139/GlobalFloodExposure/IND/FloodPop_IND_1066.tif
FloodPop_IND_1067.tif,https://datacatalogfiles.worldbank.org/ddh-published/0062763/2/DR0089139/GlobalFloodExposure/IND/FloodPop_IND_1067.tif
FloodPop_IND_1068.tif,https://datacatalogfiles.worldbank.org/ddh-published/0062763/2/DR0089139/GlobalFloodExposure/IND/FloodPop_IND_1068.tif
FloodPop_IND_1069.tif,https://datacatalogfiles.worldbank.org/ddh-published/0062763/2/DR0089139/GlobalFloodExposure/IND/FloodPop_IND_1069.tif
FloodPop_IND_1070.tif,https://datacatalogfiles.worldbank.org/ddh-published/0062763/2/DR0089139/GlobalFloodExposure/IND/FloodPop_IND_1070.tif
FloodPop_IND_1071.tif,https://datacatalogfiles.worldbank.org/ddh-published/0062763/2/DR0089139/GlobalFloodExposure/IND/FloodPop_IND_1071.tif
FloodPop_IND_1072.tif,https://datacatalogfiles.worldbank.org/ddh-published/0062763/2/DR0089139/GlobalFloodExposure/IND/FloodPop_IND_1072.tif
FloodPop_IRL_306.tif,https://datacatalogfiles.worldbank.org/ddh-published/0062763/2/DR0089139/GlobalFloodExposure/IRL/FloodPop_IRL_306.tif
FloodPop_IRL_307.tif,https://datacatalogfiles.worldbank.org/ddh-published/0062763/2/DR0089139/GlobalFloodExposure/IRL/FloodPop_IRL_307.tif
FloodPop_IRL_308.tif,https://datacatalogfiles.worldbank.org/ddh-published/0062763/2/DR0089139/GlobalFloodExposure/IRL/FloodPop_IRL_308.tif
FloodPop_IRL_309.tif,https://datacatalogfiles.worldbank.org/ddh-published/0062763/2/DR0089139/GlobalFloodExposure/IRL/FloodPop_IRL_309.tif
FloodPop_IRL_310.tif,https://datacatalogfiles.worldbank.org/ddh-published/0062763/2/DR0089139/GlobalFloodExposure/IRL/FloodPop_IRL_310.tif
FloodPop_IRL_311.tif,https://datacatalogfiles.worldbank.org/ddh-published/0062763/2/DR0089139/GlobalFloodExposure/IRL/FloodPop_IRL_311.tif
FloodPop_IRL_312.tif,https://datacatalogfiles.worldbank.org/ddh-published/0062763/2/DR0089139/GlobalFloodExposure/IRL/FloodPop_IRL_312.tif
FloodPop_IRL_313.tif,https://datacatalogfiles.worldbank.org/ddh-published/0062763/2/DR0089139/GlobalFloodExposure/IRL/FloodPop_IRL_313.tif
FloodPop_IRN_468.tif,https://datacatalogfiles.worldbank.org/ddh-published/0062763/2/DR0089139/GlobalFloodExposure/IRN/FloodPop_IRN_468.tif
FloodPop_IRN_469.tif,https://datacatalogfiles.worldbank.org/ddh-published/0062763/2/DR0089139/GlobalFloodExposure/IRN/FloodPop_IRN_469.tif
FloodPop_IRN_470.tif,https://datacatalogfiles.worldbank.org/ddh-published/0062763/2/DR0089139/GlobalFloodExposure/IRN/FloodPop_IRN_470.tif
FloodPop_IRN_471.tif,https://datacatalogfiles.worldbank.org/ddh-published/0062763/2/DR0089139/GlobalFloodExposure/IRN/FloodPop_IRN_471.tif
FloodPop_IRN_472.tif,https://datacatalogfiles.worldbank.org/ddh-published/0062763/2/DR0089139/GlobalFloodExposure/IRN/FloodPop_IRN_472.tif
FloodPop_IRN_473.tif,https://datacatalogfiles.worldbank.org/ddh-published/0062763/2/DR0089139/GlobalFloodExposure/IRN/FloodPop_IRN_473.tif
FloodPop_IRN_474.tif,https://datacatalogfiles.worldbank.org/ddh-published/0062763/2/DR0089139/GlobalFloodExposure/IRN/FloodPop_IRN_474.tif
FloodPop_IRN_475.tif,https://datacatalogfiles.worldbank.org/ddh-published/0062763/2/DR0089139/GlobalFloodExposure/IRN/FloodPop_IRN_475.tif
FloodPop_IRN_476.tif,https://datacatalogfiles.worldbank.org/ddh-published/0062763/2/DR0089139/GlobalFloodExposure/IRN/FloodPop_IRN_476.tif
FloodPop_IRN_477.tif,https://datacatalogfiles.worldbank.org/ddh-published/0062763/2/DR0089139/GlobalFloodExposure/IRN/FloodPop_IRN_477.tif
FloodPop_IRN_478.tif,https://datacatalogfiles.worldbank.org/ddh-published/0062763/2/DR0089139/GlobalFloodExposure/IRN/FloodPop_IRN_478.tif
FloodPop_IRN_479.tif,https://datacatalogfiles.worldbank.org/ddh-published/0062763/2/DR0089139/GlobalFloodExposure/IRN/FloodPop_IRN_479.tif
FloodPop_IRN_480.tif,https://datacatalogfiles.worldbank.org/ddh-published/0062763/2/DR0089139/GlobalFloodExposure/IRN/FloodPop_IRN_480.tif
FloodPop_IRN_481.tif,https://datacatalogfiles.worldbank.org/ddh-published/0062763/2/DR0089139/GlobalFloodExposure/IRN/FloodPop_IRN_481.tif
FloodPop_IRN_482.tif,https://datacatalogfiles.worldbank.org/ddh-published/0062763/2/DR0089139/GlobalFloodExposure/IRN/FloodPop_IRN_482.tif
FloodPop_IRN_483.tif,https://datacatalogfiles.worldbank.org/ddh-published/0062763/2/DR0089139/GlobalFloodExposure/IRN/FloodPop_IRN_483.tif
FloodPop_IRN_484.tif,https://datacatalogfiles.worldbank.org/ddh-published/0062763/2/DR0089139/GlobalFloodExposure/IRN/FloodPop_IRN_484.tif
FloodPop_IRN_485.tif,https://datacatalogfiles.worldbank.org/ddh-published/0062763/2/DR0089139/GlobalFloodExposure/IRN/FloodPop_IRN_485.tif
FloodPop_IRN_486.tif,https://datacatalogfiles.worldbank.org/ddh-published/0062763/2/DR0089139/GlobalFloodExposure/IRN/FloodPop_IRN_486.tif
FloodPop_IRN_487.tif,https://datacatalogfiles.worldbank.org/ddh-published/0062763/2/DR0089139/GlobalFloodExposure/IRN/FloodPop_IRN_487.tif
FloodPop_IRN_488.tif,https://datacatalogfiles.worldbank.org/ddh-published/0062763/2/DR0089139/GlobalFloodExposure/IRN/FloodPop_IRN_488.tif
FloodPop_IRN_489.tif,https://datacatalogfiles.worldbank.org/ddh-published/0062763/2/DR0089139/GlobalFloodExposure/IRN/FloodPop_IRN_489.tif
FloodPop_IRN_490.tif,https://datacatalogfiles.worldbank.org/ddh-published/0062763/2/DR0089139/GlobalFloodExposure/IRN/FloodPop_IRN_490.tif
FloodPop_IRN_491.tif,https://datacatalogfiles.worldbank.org/ddh-published/0062763/2/DR0089139/GlobalFloodExposure/IRN/FloodPop_IRN_491.tif
FloodPop_IRN_492.tif,https://datacatalogfiles.worldbank.org/ddh-published/0062763/2/DR0089139/GlobalFloodExposure/IRN/FloodPop_IRN_492.tif
FloodPop_IRN_493.tif,https://datacatalogfiles.worldbank.org/ddh-published/0062763/2/DR0089139/GlobalFloodExposure/IRN/FloodPop_IRN_493.tif
FloodPop_IRN_494.tif,https://datacatalogfiles.worldbank.org/ddh-published/0062763/2/DR0089139/GlobalFloodExposure/IRN/FloodPop_IRN_494.tif
FloodPop_IRN_495.tif,https://datacatalogfiles.worldbank.org/ddh-published/0062763/2/DR0089139/GlobalFloodExposure/IRN/FloodPop_IRN_495.tif
FloodPop_IRN_496.tif,https://datacatalogfiles.worldbank.org/ddh-published/0062763/2/DR0089139/GlobalFloodExposure/IRN/FloodPop_IRN_496.tif
FloodPop_IRN_497.tif,https://datacatalogfiles.worldbank.org/ddh-published/0062763/2/DR0089139/GlobalFloodExposure/IRN/FloodPop_IRN_497.tif
FloodPop_IRN_498.tif,https://datacatalogfiles.worldbank.org/ddh-published/0062763/2/DR0089139/GlobalFloodExposure/IRN/FloodPop_IRN_498.tif
FloodPop_IRQ_1831.tif,https://datacatalogfiles.worldbank.org/ddh-published/0062763/2/DR0089139/GlobalFloodExposure/IRQ/FloodPop_IRQ_1831.tif
FloodPop_IRQ_1832.tif,https://datacatalogfiles.worldbank.org/ddh-published/0062763/2/DR0089139/GlobalFloodExposure/IRQ/FloodPop_IRQ_1832.tif
FloodPop_IRQ_1833.tif,https://datacatalogfiles.worldbank.org/ddh-published/0062763/2/DR0089139/GlobalFloodExposure/IRQ/FloodPop_IRQ_1833.tif
FloodPop_IRQ_1834.tif,https://datacatalogfiles.worldbank.org/ddh-published/0062763/2/DR0089139/GlobalFloodExposure/IRQ/FloodPop_IRQ_1834.tif
FloodPop_IRQ_1835.tif,https://datacatalogfiles.worldbank.org/ddh-published/0062763/2/DR0089139/GlobalFloodExposure/IRQ/FloodPop_IRQ_1835.tif
FloodPop_IRQ_1836.tif,https://datacatalogfiles.worldbank.org/ddh-published/0062763/2/DR0089139/GlobalFloodExposure/IRQ/FloodPop_IRQ_1836.tif
FloodPop_IRQ_1837.tif,https://datacatalogfiles.worldbank.org/ddh-published/0062763/2/DR0089139/GlobalFloodExposure/IRQ/FloodPop_IRQ_1837.tif
FloodPop_IRQ_1838.tif,https://datacatalogfiles.worldbank.org/ddh-published/0062763/2/DR0089139/GlobalFloodExposure/IRQ/FloodPop_IRQ_1838.tif
FloodPop_IRQ_1839.tif,https://datacatalogfiles.worldbank.org/ddh-published/0062763/2/DR0089139/GlobalFloodExposure/IRQ/FloodPop_IRQ_1839.tif
FloodPop_IRQ_1840.tif,https://datacatalogfiles.worldbank.org/ddh-published/0062763/2/DR0089139/GlobalFloodExposure/IRQ/FloodPop_IRQ_1840.tif
FloodPop_IRQ_1841.tif,https://datacatalogfiles.worldbank.org/ddh-published/0062763/2/DR0089139/GlobalFloodExposure/IRQ/FloodPop_IRQ_1841.tif
FloodPop_IRQ_1842.tif,https://datacatalogfiles.worldbank.org/ddh-published/0062763/2/DR0089139/GlobalFloodExposure/IRQ/FloodPop_IRQ_1842.tif
FloodPop_IRQ_1843.tif,https://datacatalogfiles.worldbank.org/ddh-published/0062763/2/DR0089139/GlobalFloodExposure/IRQ/FloodPop_IRQ_1843.tif
FloodPop_IRQ_1844.tif,https://datacatalogfiles.worldbank.org/ddh-published/0062763/2/DR0089139/GlobalFloodExposure/IRQ/FloodPop_IRQ_1844.tif
FloodPop_IRQ_1845.tif,https://datacatalogfiles.worldbank.org/ddh-published/0062763/2/DR0089139/GlobalFloodExposure/IRQ/FloodPop_IRQ_1845.tif
FloodPop_IRQ_1846.tif,https://datacatalogfiles.worldbank.org/ddh-published/0062763/2/DR0089139/GlobalFloodExposure/IRQ/FloodPop_IRQ_1846.tif
FloodPop_IRQ_1847.tif,https://datacatalogfiles.worldbank.org/ddh-published/0062763/2/DR0089139/GlobalFloodExposure/IRQ/FloodPop_IRQ_1847.tif
FloodPop_IRQ_1848.tif,https://datacatalogfiles.worldbank.org/ddh-published/0062763/2/DR0089139/GlobalFloodExposure/IRQ/FloodPop_IRQ_1848.tif
FloodPop_ISL_994.tif,https://datacatalogfiles.worldbank.org/ddh-published/0062763/2/DR0089139/GlobalFloodExposure/ISL/FloodPop_ISL_994.tif
FloodPop_ISR_558.tif,https://datacatalogfiles.worldbank.org/ddh-published/0062763/2/DR0089139/GlobalFloodExposure/ISR/FloodPop_ISR_558.tif
FloodPop_ISR_559.tif,https://datacatalogfiles.worldbank.org/ddh-published/0062763/2/DR0089139/GlobalFloodExposure/ISR/FloodPop_ISR_559.tif
FloodPop_ISR_560.tif,https://datacatalogfiles.worldbank.org/ddh-published/0062763/2/DR0089139/GlobalFloodExposure/ISR/FloodPop_ISR_560.tif
FloodPop_ISR_561.tif,https://datacatalogfiles.worldbank.org/ddh-published/0062763/2/DR0089139/GlobalFloodExposure/ISR/FloodPop_ISR_561.tif
FloodPop_ISR_562.tif,https://datacatalogfiles.worldbank.org/ddh-published/0062763/2/DR0089139/GlobalFloodExposure/ISR/FloodPop_ISR_562.tif
FloodPop_ISR_563.tif,https://datacatalogfiles.worldbank.org/ddh-published/0062763/2/DR0089139/GlobalFloodExposure/ISR/FloodPop_ISR_563.tif
FloodPop_ITA_902.tif,https://datacatalogfiles.worldbank.org/ddh-published/0062763/2/DR0089139/GlobalFloodExposure/ITA/FloodPop_ITA_902.tif
FloodPop_ITA_903.tif,https://datacatalogfiles.worldbank.org/ddh-published/0062763/2/DR0089139/GlobalFloodExposure/ITA/FloodPop_ITA_903.tif
FloodPop_ITA_904.tif,https://datacatalogfiles.worldbank.org/ddh-published/0062763/2/DR0089139/GlobalFloodExposure/ITA/FloodPop_ITA_904.tif
FloodPop_ITA_905.tif,https://datacatalogfiles.worldbank.org/ddh-published/0062763/2/DR0089139/GlobalFloodExposure/ITA/FloodPop_ITA_905.tif
FloodPop_ITA_906.tif,https://datacatalogfiles.worldbank.org/ddh-published/0062763/2/DR0089139/GlobalFloodExposure/ITA/FloodPop_ITA_906.tif
FloodPop_JAM_224.tif,https://datacatalogfiles.worldbank.org/ddh-published/0062763/2/DR0089139/GlobalFloodExposure/JAM/FloodPop_JAM_224.tif
FloodPop_JPN_66.tif,https://datacatalogfiles.worldbank.org/ddh-published/0062763/2/DR0089139/GlobalFloodExposure/JPN/FloodPop_JPN_66.tif
FloodPop_JPN_67.tif,https://datacatalogfiles.worldbank.org/ddh-published/0062763/2/DR0089139/GlobalFloodExposure/JPN/FloodPop_JPN_67.tif
FloodPop_JPN_68.tif,https://datacatalogfiles.worldbank.org/ddh-published/0062763/2/DR0089139/GlobalFloodExposure/JPN/FloodPop_JPN_68.tif
FloodPop_JPN_69.tif,https://datacatalogfiles.worldbank.org/ddh-published/0062763/2/DR0089139/GlobalFloodExposure/JPN/FloodPop_JPN_69.tif
FloodPop_JPN_70.tif,https://datacatalogfiles.worldbank.org/ddh-published/0062763/2/DR0089139/GlobalFloodExposure/JPN/FloodPop_JPN_70.tif
FloodPop_JPN_71.tif,https://datacatalogfiles.worldbank.org/ddh-published/0062763/2/DR0089139/GlobalFloodExposure/JPN/FloodPop_JPN_71.tif
FloodPop_JPN_72.tif,https://datacatalogfiles.worldbank.org/ddh-published/0062763/2/DR0089139/GlobalFloodExposure/JPN/FloodPop_JPN_72.tif
FloodPop_JPN_73.tif,https://datacatalogfiles.worldbank.org/ddh-published/0062763/2/DR0089139/GlobalFloodExposure/JPN/FloodPop_JPN_73.tif
FloodPop_KAZ_1000.tif,https://datacatalogfiles.worldbank.org/ddh-published/0062763/2/DR0089139/GlobalFloodExposure/KAZ/FloodPop_KAZ_1000.tif
FloodPop_KAZ_1001.tif,https://datacatalogfiles.worldbank.org/ddh-published/0062763/2/DR0089139/GlobalFloodExposure/KAZ/FloodPop_KAZ_1001.tif
FloodPop_KAZ_1002.tif,https://datacatalogfiles.worldbank.org/ddh-published/0062763/2/DR0089139/GlobalFloodExposure/KAZ/FloodPop_KAZ_1002.tif
FloodPop_KAZ_1003.tif,https://datacatalogfiles.worldbank.org/ddh-published/0062763/2/DR0089139/GlobalFloodExposure/KAZ/FloodPop_KAZ_1003.tif
FloodPop_KAZ_1004.tif,https://datacatalogfiles.worldbank.org/ddh-published/0062763/2/DR0089139/GlobalFloodExposure/KAZ/FloodPop_KAZ_1004.tif
FloodPop_KAZ_1005.tif,https://datacatalogfiles.worldbank.org/ddh-published/0062763/2/DR0089139/GlobalFloodExposure/KAZ/FloodPop_KAZ_1005.tif
FloodPop_KAZ_1006.tif,https://datacatalogfiles.worldbank.org/ddh-published/0062763/2/DR0089139/GlobalFloodExposure/KAZ/FloodPop_KAZ_1006.tif
FloodPop_KAZ_1007.tif,https://datacatalogfiles.worldbank.org/ddh-published/0062763/2/DR0089139/GlobalFloodExposure/KAZ/FloodPop_KAZ_1007.tif
FloodPop_KAZ_1008.tif,https://datacatalogfiles.worldbank.org/ddh-published/0062763/2/DR0089139/GlobalFloodExposure/KAZ/FloodPop_KAZ_1008.tif
FloodPop_KAZ_1009.tif,https://datacatalogfiles.worldbank.org/ddh-published/0062763/2/DR0089139/GlobalFloodExposure/KAZ/FloodPop_KAZ_1009.tif
FloodPop_KAZ_1010.tif,https://datacatalogfiles.worldbank.org/ddh-published/0062763/2/DR0089139/GlobalFloodExposure/KAZ/FloodPop_KAZ_1010.tif
FloodPop_KAZ_1011.tif,https://datacatalogfiles.worldbank.org/ddh-published/0062763/2/DR0089139/GlobalFloodExposure/KAZ/FloodPop_KAZ_1011.tif
FloodPop_KAZ_1026.tif,https://datacatalogfiles.worldbank.org/ddh-published/0062763/2/DR0089139/GlobalFloodExposure/KAZ/FloodPop_KAZ_1026.tif
FloodPop_KAZ_997.tif,https://datacatalogfiles.worldbank.org/ddh-published/0062763/2/DR0089139/GlobalFloodExposure/KAZ/FloodPop_KAZ_997.tif
FloodPop_KAZ_998.tif,https://datacatalogfiles.worldbank.org/ddh-published/0062763/2/DR0089139/GlobalFloodExposure/KAZ/FloodPop_KAZ_998.tif
FloodPop_KAZ_999.tif,https://datacatalogfiles.worldbank.org/ddh-published/0062763/2/DR0089139/GlobalFloodExposure/KAZ/FloodPop_KAZ_999.tif
FloodPop_KEN_693.tif,https://datacatalogfiles.worldbank.org/ddh-published/0062763/2/DR0089139/GlobalFloodExposure/KEN/FloodPop_KEN_693.tif
FloodPop_KEN_694.tif,https://datacatalogfiles.worldbank.org/ddh-published/0062763/2/DR0089139/GlobalFloodExposure/KEN/FloodPop_KEN_694.tif
FloodPop_KEN_695.tif,https://datacatalogfiles.worldbank.org/ddh-published/0062763/2/DR0089139/GlobalFloodExposure/KEN/FloodPop_KEN_695.tif
FloodPop_KEN_696.tif,https://datacatalogfiles.worldbank.org/ddh-published/0062763/2/DR0089139/GlobalFloodExposure/KEN/FloodPop_KEN_696.tif
FloodPop_KEN_697.tif,https://datacatalogfiles.worldbank.org/ddh-published/0062763/2/DR0089139/GlobalFloodExposure/KEN/FloodPop_KEN_697.tif
FloodPop_KEN_698.tif,https://datacatalogfiles.worldbank.org/ddh-published/0062763/2/DR0089139/GlobalFloodExposure/KEN/FloodPop_KEN_698.tif
FloodPop_KEN_699.tif,https://datacatalogfiles.worldbank.org/ddh-published/0062763/2/DR0089139/GlobalFloodExposure/KEN/FloodPop_KEN_699.tif
FloodPop_KEN_700.tif,https://datacatalogfiles.worldbank.org/ddh-published/0062763/2/DR0089139/GlobalFloodExposure/KEN/FloodPop_KEN_700.tif
FloodPop_KEN_701.tif,https://datacatalogfiles.worldbank.org/ddh-published/0062763/2/DR0089139/GlobalFloodExposure/KEN/FloodPop_KEN_701.tif
FloodPop_KEN_702.tif,https://datacatalogfiles.worldbank.org/ddh-published/0062763/2/DR0089139/GlobalFloodExposure/KEN/FloodPop_KEN_702.tif
FloodPop_KEN_703.tif,https://datacatalogfiles.worldbank.org/ddh-published/0062763/2/DR0089139/GlobalFloodExposure/KEN/FloodPop_KEN_703.tif
FloodPop_KEN_704.tif,https://datacatalogfiles.worldbank.org/ddh-published/0062763/2/DR0089139/GlobalFloodExposure/KEN/FloodPop_KEN_704.tif
FloodPop_KEN_705.tif,https://datacatalogfiles.worldbank.org/ddh-published/0062763/2/DR0089139/GlobalFloodExposure/KEN/FloodPop_KEN_705.tif
FloodPop_KEN_706.tif,https://datacatalogfiles.worldbank.org/ddh-published/0062763/2/DR0089139/GlobalFloodExposure/KEN/FloodPop_KEN_706.tif
FloodPop_KEN_707.tif,https://datacatalogfiles.worldbank.org/ddh-published/0062763/2/DR0089139/GlobalFloodExposure/KEN/FloodPop_KEN_707.tif
FloodPop_KEN_708.tif,https://datacatalogfiles.worldbank.org/ddh-published/0062763/2/DR0089139/GlobalFloodExposure/KEN/FloodPop_KEN_708.tif
FloodPop_KEN_709.tif,https://datacatalogfiles.worldbank.org/ddh-published/0062763/2/DR0089139/GlobalFloodExposure/KEN/FloodPop_KEN_709.tif
FloodPop_KEN_710.tif,https://datacatalogfiles.worldbank.org/ddh-published/0062763/2/DR0089139/GlobalFloodExposure/KEN/FloodPop_KEN_710.tif
FloodPop_KEN_711.tif,https://datacatalogfiles.worldbank.org/ddh-published/0062763/2/DR0089139/GlobalFloodExposure/KEN/FloodPop_KEN_711.tif
FloodPop_KEN_712.tif,https://datacatalogfiles.worldbank.org/ddh-published/0062763/2/DR0089139/GlobalFloodExposure/KEN/FloodPop_KEN_712.tif
FloodPop_KEN_713.tif,https://datacatalogfiles.worldbank.org/ddh-published/0062763/2/DR0089139/GlobalFloodExposure/KEN/FloodPop_KEN_713.tif
FloodPop_KEN_714.tif,https://datacatalogfiles.worldbank.org/ddh-published/0062763/2/DR0089139/GlobalFloodExposure/KEN/FloodPop_KEN_714.tif
FloodPop_KEN_715.tif,https://datacatalogfiles.worldbank.org/ddh-published/0062763/2/DR0089139/GlobalFloodExposure/KEN/FloodPop_KEN_715.tif
FloodPop_KEN_716.tif,https://datacatalogfiles.worldbank.org/ddh-published/0062763/2/DR0089139/GlobalFloodExposure/KEN/FloodPop_KEN_716.tif
FloodPop_KEN_717.tif,https://datacatalogfiles.worldbank.org/ddh-published/0062763/2/DR0089139/GlobalFloodExposure/KEN/FloodPop_KEN_717.tif
FloodPop_KEN_718.tif,https://datacatalogfiles.worldbank.org/ddh-published/0062763/2/DR0089139/GlobalFloodExposure/KEN/FloodPop_KEN_718.tif
FloodPop_KEN_719.tif,https://datacatalogfiles.worldbank.org/ddh-published/0062763/2/DR0089139/GlobalFloodExposure/KEN/FloodPop_KEN_719.tif
FloodPop_KEN_720.tif,https://datacatalogfiles.worldbank.org/ddh-published/0062763/2/DR0089139/GlobalFloodExposure/KEN/FloodPop_KEN_720.tif
FloodPop_KEN_721.tif,https://datacatalogfiles.worldbank.org/ddh-published/0062763/2/DR0089139/GlobalFloodExposure/KEN/FloodPop_KEN_721.tif
FloodPop_KEN_722.tif,https://datacatalogfiles.worldbank.org/ddh-published/0062763/2/DR0089139/GlobalFloodExposure/KEN/FloodPop_KEN_722.tif
FloodPop_KEN_723.tif,https://datacatalogfiles.worldbank.org/ddh-published/0062763/2/DR0089139/GlobalFloodExposure/KEN/FloodPop_KEN_723.tif
FloodPop_KEN_724.tif,https://datacatalogfiles.worldbank.org/ddh-published/0062763/2/DR0089139/GlobalFloodExposure/KEN/FloodPop_KEN_724.tif
FloodPop_KEN_725.tif,https://datacatalogfiles.worldbank.org/ddh-published/0062763/2/DR0089139/GlobalFloodExposure/KEN/FloodPop_KEN_725.tif
FloodPop_KEN_726.tif,https://datacatalogfiles.worldbank.org/ddh-published/0062763/2/DR0089139/GlobalFloodExposure/KEN/FloodPop_KEN_726.tif
FloodPop_KEN_727.tif,https://datacatalogfiles.worldbank.org/ddh-published/0062763/2/DR0089139/GlobalFloodExposure/KEN/FloodPop_KEN_727.tif
FloodPop_KEN_728.tif,https://datacatalogfiles.worldbank.org/ddh-published/0062763/2/DR0089139/GlobalFloodExposure/KEN/FloodPop_KEN_728.tif
FloodPop_KEN_729.tif,https://datacatalogfiles.worldbank.org/ddh-published/0062763/2/DR0089139/GlobalFloodExposure/KEN/FloodPop_KEN_729.tif
FloodPop_KEN_730.tif,https://datacatalogfiles.worldbank.org/ddh-published/0062763/2/DR0089139/GlobalFloodExposure/KEN/FloodPop_KEN_730.tif
FloodPop_KEN_731.tif,https://datacatalogfiles.worldbank.org/ddh-published/0062763/2/DR0089139/GlobalFloodExposure/KEN/FloodPop_KEN_731.tif
FloodPop_KEN_732.tif,https://datacatalogfiles.worldbank.org/ddh-published/0062763/2/DR0089139/GlobalFloodExposure/KEN/FloodPop_KEN_732.tif
FloodPop_KEN_733.tif,https://datacatalogfiles.worldbank.org/ddh-published/0062763/2/DR0089139/GlobalFloodExposure/KEN/FloodPop_KEN_733.tif
FloodPop_KEN_734.tif,https://datacatalogfiles.worldbank.org/ddh-published/0062763/2/DR0089139/GlobalFloodExposure/KEN/FloodPop_KEN_734.tif
FloodPop_KEN_735.tif,https://datacatalogfiles.worldbank.org/ddh-published/0062763/2/DR0089139/GlobalFloodExposure/KEN/FloodPop_KEN_735.tif
FloodPop_KEN_736.tif,https://datacatalogfiles.worldbank.org/ddh-published/0062763/2/DR0089139/GlobalFloodExposure/KEN/FloodPop_KEN_736.tif
FloodPop_KEN_737.tif,https://datacatalogfiles.worldbank.org/ddh-published/0062763/2/DR0089139/GlobalFloodExposure/KEN/FloodPop_KEN_737.tif
FloodPop_KEN_738.tif,https://datacatalogfiles.worldbank.org/ddh-published/0062763/2/DR0089139/GlobalFloodExposure/KEN/FloodPop_KEN_738.tif
FloodPop_KEN_739.tif,https://datacatalogfiles.worldbank.org/ddh-published/0062763/2/DR0089139/GlobalFloodExposure/KEN/FloodPop_KEN_739.tif
FloodPop_KGZ_1012.tif,https://datacatalogfiles.worldbank.org/ddh-published/0062763/2/DR0089139/GlobalFloodExposure/KGZ/FloodPop_KGZ_1012.tif
FloodPop_KGZ_1013.tif,https://datacatalogfiles.worldbank.org/ddh-published/0062763/2/DR0089139/GlobalFloodExposure/KGZ/FloodPop_KGZ_1013.tif
FloodPop_KGZ_1014.tif,https://datacatalogfiles.worldbank.org/ddh-published/0062763/2/DR0089139/GlobalFloodExposure/KGZ/FloodPop_KGZ_1014.tif
FloodPop_KGZ_1015.tif,https://datacatalogfiles.worldbank.org/ddh-published/0062763/2/DR0089139/GlobalFloodExposure/KGZ/FloodPop_KGZ_1015.tif
FloodPop_KGZ_1016.tif,https://datacatalogfiles.worldbank.org/ddh-published/0062763/2/DR0089139/GlobalFloodExposure/KGZ/FloodPop_KGZ_1016.tif
FloodPop_KGZ_1017.tif,https://datacatalogfiles.worldbank.org/ddh-published/0062763/2/DR0089139/GlobalFloodExposure/KGZ/FloodPop_KGZ_1017.tif
FloodPop_KGZ_1018.tif,https://datacatalogfiles.worldbank.org/ddh-published/0062763/2/DR0089139/GlobalFloodExposure/KGZ/FloodPop_KGZ_1018.tif
FloodPop_KGZ_1019.tif,https://datacatalogfiles.worldbank.org/ddh-published/0062763/2/DR0089139/GlobalFloodExposure/KGZ/FloodPop_KGZ_1019.tif
FloodPop_KGZ_1020.tif,https://datacatalogfiles.worldbank.org/ddh-published/0062763/2/DR0089139/GlobalFloodExposure/KGZ/FloodPop_KGZ_1020.tif
FloodPop_KHM_2039.tif,https://datacatalogfiles.worldbank.org/ddh-published/0062763/2/DR0089139/GlobalFloodExposure/KHM/FloodPop_KHM_2039.tif
FloodPop_KOR_564.tif,https://datacatalogfiles.worldbank.org/ddh-published/0062763/2/DR0089139/GlobalFloodExposure/KOR/FloodPop_KOR_564.tif
FloodPop_KWT_2213.tif,https://datacatalogfiles.worldbank.org/ddh-published/0062763/2/DR0089139/GlobalFloodExposure/KWT/FloodPop_KWT_2213.tif
FloodPop_KWT_2214.tif,https://datacatalogfiles.worldbank.org/ddh-published/0062763/2/DR0089139/GlobalFloodExposure/KWT/FloodPop_KWT_2214.tif
FloodPop_KWT_2215.tif,https://datacatalogfiles.worldbank.org/ddh-published/0062763/2/DR0089139/GlobalFloodExposure/KWT/FloodPop_KWT_2215.tif
FloodPop_KWT_2216.tif,https://datacatalogfiles.worldbank.org/ddh-published/0062763/2/DR0089139/GlobalFloodExposure/KWT/FloodPop_KWT_2216.tif
FloodPop_KWT_2217.tif,https://datacatalogfiles.worldbank.org/ddh-published/0062763/2/DR0089139/GlobalFloodExposure/KWT/FloodPop_KWT_2217.tif
FloodPop_LAO_1140.tif,https://datacatalogfiles.worldbank.org/ddh-published/0062763/2/DR0089139/GlobalFloodExposure/LAO/FloodPop_LAO_1140.tif
FloodPop_LAO_1141.tif,https://datacatalogfiles.worldbank.org/ddh-published/0062763/2/DR0089139/GlobalFloodExposure/LAO/FloodPop_LAO_1141.tif
FloodPop_LAO_1142.tif,https://datacatalogfiles.worldbank.org/ddh-published/0062763/2/DR0089139/GlobalFloodExposure/LAO/FloodPop_LAO_1142.tif
FloodPop_LAO_1143.tif,https://datacatalogfiles.worldbank.org/ddh-published/0062763/2/DR0089139/GlobalFloodExposure/LAO/FloodPop_LAO_1143.tif
FloodPop_LBN_1849.tif,https://datacatalogfiles.worldbank.org/ddh-published/0062763/2/DR0089139/GlobalFloodExposure/LBN/FloodPop_LBN_1849.tif
FloodPop_LBN_1850.tif,https://datacatalogfiles.worldbank.org/ddh-published/0062763/2/DR0089139/GlobalFloodExposure/LBN/FloodPop_LBN_1850.tif
FloodPop_LBN_1851.tif,https://datacatalogfiles.worldbank.org/ddh-published/0062763/2/DR0089139/GlobalFloodExposure/LBN/FloodPop_LBN_1851.tif
FloodPop_LBN_1852.tif,https://datacatalogfiles.worldbank.org/ddh-published/0062763/2/DR0089139/GlobalFloodExposure/LBN/FloodPop_LBN_1852.tif
FloodPop_LBN_1853.tif,https://datacatalogfiles.worldbank.org/ddh-published/0062763/2/DR0089139/GlobalFloodExposure/LBN/FloodPop_LBN_1853.tif
FloodPop_LBN_1854.tif,https://datacatalogfiles.worldbank.org/ddh-published/0062763/2/DR0089139/GlobalFloodExposure/LBN/FloodPop_LBN_1854.tif
FloodPop_LBR_832.tif,https://datacatalogfiles.worldbank.org/ddh-published/0062763/2/DR0089139/GlobalFloodExposure/LBR/FloodPop_LBR_832.tif
FloodPop_LBR_833.tif,https://datacatalogfiles.worldbank.org/ddh-published/0062763/2/DR0089139/GlobalFloodExposure/LBR/FloodPop_LBR_833.tif
FloodPop_LBR_834.tif,https://datacatalogfiles.worldbank.org/ddh-published/0062763/2/DR0089139/GlobalFloodExposure/LBR/FloodPop_LBR_834.tif
FloodPop_LBR_835.tif,https://datacatalogfiles.worldbank.org/ddh-published/0062763/2/DR0089139/GlobalFloodExposure/LBR/FloodPop_LBR_835.tif
FloodPop_LBR_836.tif,https://datacatalogfiles.worldbank.org/ddh-published/0062763/2/DR0089139/GlobalFloodExposure/LBR/FloodPop_LBR_836.tif
FloodPop_LBR_837.tif,https://datacatalogfiles.worldbank.org/ddh-published/0062763/2/DR0089139/GlobalFloodExposure/LBR/FloodPop_LBR_837.tif
FloodPop_LBR_838.tif,https://datacatalogfiles.worldbank.org/ddh-published/0062763/2/DR0089139/GlobalFloodExposure/LBR/FloodPop_LBR_838.tif
FloodPop_LBR_839.tif,https://datacatalogfiles.worldbank.org/ddh-published/0062763/2/DR0089139/GlobalFloodExposure/LBR/FloodPop_LBR_839.tif
FloodPop_LBR_840.tif,https://datacatalogfiles.worldbank.org/ddh-published/0062763/2/DR0089139/GlobalFloodExposure/LBR/FloodPop_LBR_840.tif
FloodPop_LBR_841.tif,https://datacatalogfiles.worldbank.org/ddh-published/0062763/2/DR0089139/GlobalFloodExposure/LBR/FloodPop_LBR_841.tif
FloodPop_LBR_842.tif,https://datacatalogfiles.worldbank.org/ddh-published/0062763/2/DR0089139/GlobalFloodExposure/LBR/FloodPop_LBR_842.tif
FloodPop_LBR_843.tif,https://datacatalogfiles.worldbank.org/ddh-published/0062763/2/DR0089139/GlobalFloodExposure/LBR/FloodPop_LBR_843.tif
FloodPop_LBR_844.tif,https://datacatalogfiles.worldbank.org/ddh-published/0062763/2/DR0089139/GlobalFloodExposure/LBR/FloodPop_LBR_844.tif
FloodPop_LBR_845.tif,https://datacatalogfiles.worldbank.org/ddh-published/0062763/2/DR0089139/GlobalFloodExposure/LBR/FloodPop_LBR_845.tif
FloodPop_LBR_846.tif,https://datacatalogfiles.worldbank.org/ddh-published/0062763/2/DR0089139/GlobalFloodExposure/LBR/FloodPop_LBR_846.tif
FloodPop_LBR_847.tif,https://datacatalogfiles.worldbank.org/ddh-published/0062763/2/DR0089139/GlobalFloodExposure/LBR/FloodPop_LBR_847.tif
FloodPop_LBY_2179.tif,https://datacatalogfiles.worldbank.org/ddh-published/0062763/2/DR0089139/GlobalFloodExposure/LBY/FloodPop_LBY_2179.tif
FloodPop_LBY_2180.tif,https://datacatalogfiles.worldbank.org/ddh-published/0062763/2/DR0089139/GlobalFloodExposure/LBY/FloodPop_LBY_2180.tif
FloodPop_LBY_2181.tif,https://datacatalogfiles.worldbank.org/ddh-published/0062763/2/DR0089139/GlobalFloodExposure/LBY/FloodPop_LBY_2181.tif
FloodPop_LBY_2182.tif,https://datacatalogfiles.worldbank.org/ddh-published/0062763/2/DR0089139/GlobalFloodExposure/LBY/FloodPop_LBY_2182.tif
FloodPop_LBY_2183.tif,https://datacatalogfiles.worldbank.org/ddh-published/0062763/2/DR0089139/GlobalFloodExposure/LBY/FloodPop_LBY_2183.tif
FloodPop_LBY_2184.tif,https://datacatalogfiles.worldbank.org/ddh-published/0062763/2/DR0089139/GlobalFloodExposure/LBY/FloodPop_LBY_2184.tif
FloodPop_LBY_2185.tif,https://datacatalogfiles.worldbank.org/ddh-published/0062763/2/DR0089139/GlobalFloodExposure/LBY/FloodPop_LBY_2185.tif
FloodPop_LBY_2186.tif,https://datacatalogfiles.worldbank.org/ddh-published/0062763/2/DR0089139/GlobalFloodExposure/LBY/FloodPop_LBY_2186.tif
FloodPop_LBY_2187.tif,https://datacatalogfiles.worldbank.org/ddh-published/0062763/2/DR0089139/GlobalFloodExposure/LBY/FloodPop_LBY_2187.tif
FloodPop_LBY_2188.tif,https://datacatalogfiles.worldbank.org/ddh-published/0062763/2/DR0089139/GlobalFloodExposure/LBY/FloodPop_LBY_2188.tif
FloodPop_LBY_2189.tif,https://datacatalogfiles.worldbank.org/ddh-published/0062763/2/DR0089139/GlobalFloodExposure/LBY/FloodPop_LBY_2189.tif
FloodPop_LBY_2190.tif,https://datacatalogfiles.worldbank.org/ddh-published/0062763/2/DR0089139/GlobalFloodExposure/LBY/FloodPop_LBY_2190.tif
FloodPop_LBY_2191.tif,https://datacatalogfiles.worldbank.org/ddh-published/0062763/2/DR0089139/GlobalFloodExposure/LBY/FloodPop_LBY_2191.tif
FloodPop_LBY_2192.tif,https://datacatalogfiles.worldbank.org/ddh-published/0062763/2/DR0089139/GlobalFloodExposure/LBY/FloodPop_LBY_2192.tif
FloodPop_LBY_2193.tif,https://datacatalogfiles.worldbank.org/ddh-published/0062763/2/DR0089139/GlobalFloodExposure/LBY/FloodPop_LBY_2193.tif
FloodPop_LBY_2194.tif,https://datacatalogfiles.worldbank.org/ddh-published/0062763/2/DR0089139/GlobalFloodExposure/LBY/FloodPop_LBY_2194.tif
FloodPop_LBY_2195.tif,https://datacatalogfiles.worldbank.org/ddh-published/0062763/2/DR0089139/GlobalFloodExposure/LBY/FloodPop_LBY_2195.tif
FloodPop_LBY_2196.tif,https://datacatalogfiles.worldbank.org/ddh-published/0062763/2/DR0089139/GlobalFloodExposure/LBY/FloodPop_LBY_2196.tif
FloodPop_LBY_2197.tif,https://datacatalogfiles.worldbank.org/ddh-published/0062763/2/DR0089139/GlobalFloodExposure/LBY/FloodPop_LBY_2197.tif
FloodPop_LBY_2198.tif,https://datacatalogfiles.worldbank.org/ddh-published/0062763/2/DR0089139/GlobalFloodExposure/LBY/FloodPop_LBY_2198.tif
FloodPop_LBY_2199.tif,https://datacatalogfiles.worldbank.org/ddh-published/0062763/2/DR0089139/GlobalFloodExposure/LBY/FloodPop_LBY_2199.tif
FloodPop_LBY_2200.tif,https://datacatalogfiles.worldbank.org/ddh-published/0062763/2/DR0089139/GlobalFloodExposure/LBY/FloodPop_LBY_2200.tif
FloodPop_LBY_2201.tif,https://datacatalogfiles.worldbank.org/ddh-published/0062763/2/DR0089139/GlobalFloodExposure/LBY/FloodPop_LBY_2201.tif
FloodPop_LBY_2202.tif,https://datacatalogfiles.worldbank.org/ddh-published/0062763/2/DR0089139/GlobalFloodExposure/LBY/FloodPop_LBY_2202.tif
FloodPop_LBY_2203.tif,https://datacatalogfiles.worldbank.org/ddh-published/0062763/2/DR0089139/GlobalFloodExposure/LBY/FloodPop_LBY_2203.tif
FloodPop_LCA_755.tif,https://datacatalogfiles.worldbank.org/ddh-published/0062763/2/DR0089139/GlobalFloodExposure/LCA/FloodPop_LCA_755.tif
FloodPop_LKA_1100.tif,https://datacatalogfiles.worldbank.org/ddh-published/0062763/2/DR0089139/GlobalFloodExposure/LKA/FloodPop_LKA_1100.tif
FloodPop_LKA_1100.tif.aux.xml,https://datacatalogfiles.worldbank.org/ddh-published/0062763/2/DR0089139/GlobalFloodExposure/LKA/FloodPop_LKA_1100.tif.aux.xml
FloodPop_LKA_1101.tif,https://datacatalogfiles.worldbank.org/ddh-published/0062763/2/DR0089139/GlobalFloodExposure/LKA/FloodPop_LKA_1101.tif
FloodPop_LKA_1101.tif.aux.xml,https://datacatalogfiles.worldbank.org/ddh-published/0062763/2/DR0089139/GlobalFloodExposure/LKA/FloodPop_LKA_1101.tif.aux.xml
FloodPop_LKA_1102.tif,https://datacatalogfiles.worldbank.org/ddh-published/0062763/2/DR0089139/GlobalFloodExposure/LKA/FloodPop_LKA_1102.tif
FloodPop_LKA_1102.tif.aux.xml,https://datacatalogfiles.worldbank.org/ddh-published/0062763/2/DR0089139/GlobalFloodExposure/LKA/FloodPop_LKA_1102.tif.aux.xml
FloodPop_LKA_1103.tif,https://datacatalogfiles.worldbank.org/ddh-published/0062763/2/DR0089139/GlobalFloodExposure/LKA/FloodPop_LKA_1103.tif
FloodPop_LKA_1104.tif,https://datacatalogfiles.worldbank.org/ddh-published/0062763/2/DR0089139/GlobalFloodExposure/LKA/FloodPop_LKA_1104.tif
FloodPop_LKA_1105.tif,https://datacatalogfiles.worldbank.org/ddh-published/0062763/2/DR0089139/GlobalFloodExposure/LKA/FloodPop_LKA_1105.tif
FloodPop_LKA_1106.tif,https://datacatalogfiles.worldbank.org/ddh-published/0062763/2/DR0089139/GlobalFloodExposure/LKA/FloodPop_LKA_1106.tif
FloodPop_LKA_1107.tif,https://datacatalogfiles.worldbank.org/ddh-published/0062763/2/DR0089139/GlobalFloodExposure/LKA/FloodPop_LKA_1107.tif
FloodPop_LKA_1108.tif,https://datacatalogfiles.worldbank.org/ddh-published/0062763/2/DR0089139/GlobalFloodExposure/LKA/FloodPop_LKA_1108.tif
FloodPop_LKA_1109.tif,https://datacatalogfiles.worldbank.org/ddh-published/0062763/2/DR0089139/GlobalFloodExposure/LKA/FloodPop_LKA_1109.tif
FloodPop_LKA_1110.tif,https://datacatalogfiles.worldbank.org/ddh-published/0062763/2/DR0089139/GlobalFloodExposure/LKA/FloodPop_LKA_1110.tif
FloodPop_LKA_1111.tif,https://datacatalogfiles.worldbank.org/ddh-published/0062763/2/DR0089139/GlobalFloodExposure/LKA/FloodPop_LKA_1111.tif
FloodPop_LKA_1112.tif,https://datacatalogfiles.worldbank.org/ddh-published/0062763/2/DR0089139/GlobalFloodExposure/LKA/FloodPop_LKA_1112.tif
FloodPop_LKA_1113.tif,https://datacatalogfiles.worldbank.org/ddh-published/0062763/2/DR0089139/GlobalFloodExposure/LKA/FloodPop_LKA_1113.tif
FloodPop_LKA_1114.tif,https://datacatalogfiles.worldbank.org/ddh-published/0062763/2/DR0089139/GlobalFloodExposure/LKA/FloodPop_LKA_1114.tif
FloodPop_LKA_1115.tif,https://datacatalogfiles.worldbank.org/ddh-published/0062763/2/DR0089139/GlobalFloodExposure/LKA/FloodPop_LKA_1115.tif
FloodPop_LKA_1115.tif.aux.xml,https://datacatalogfiles.worldbank.org/ddh-published/0062763/2/DR0089139/GlobalFloodExposure/LKA/FloodPop_LKA_1115.tif.aux.xml
FloodPop_LKA_1116.tif,https://datacatalogfiles.worldbank.org/ddh-published/0062763/2/DR0089139/GlobalFloodExposure/LKA/FloodPop_LKA_1116.tif
FloodPop_LKA_1117.tif,https://datacatalogfiles.worldbank.org/ddh-published/0062763/2/DR0089139/GlobalFloodExposure/LKA/FloodPop_LKA_1117.tif
FloodPop_LKA_1117.tif.aux.xml,https://datacatalogfiles.worldbank.org/ddh-published/0062763/2/DR0089139/GlobalFloodExposure/LKA/FloodPop_LKA_1117.tif.aux.xml
FloodPop_LKA_1118.tif,https://datacatalogfiles.worldbank.org/ddh-published/0062763/2/DR0089139/GlobalFloodExposure/LKA/FloodPop_LKA_1118.tif
FloodPop_LKA_1119.tif,https://datacatalogfiles.worldbank.org/ddh-published/0062763/2/DR0089139/GlobalFloodExposure/LKA/FloodPop_LKA_1119.tif
FloodPop_LKA_1119.tif.aux.xml,https://datacatalogfiles.worldbank.org/ddh-published/0062763/2/DR0089139/GlobalFloodExposure/LKA/FloodPop_LKA_1119.tif.aux.xml
FloodPop_LKA_1120.tif,https://datacatalogfiles.worldbank.org/ddh-published/0062763/2/DR0089139/GlobalFloodExposure/LKA/FloodPop_LKA_1120.tif
FloodPop_LKA_1121.tif,https://datacatalogfiles.worldbank.org/ddh-published/0062763/2/DR0089139/GlobalFloodExposure/LKA/FloodPop_LKA_1121.tif
FloodPop_LKA_1122.tif,https://datacatalogfiles.worldbank.org/ddh-published/0062763/2/DR0089139/GlobalFloodExposure/LKA/FloodPop_LKA_1122.tif
FloodPop_LKA_1122.tif.aux.xml,https://datacatalogfiles.worldbank.org/ddh-published/0062763/2/DR0089139/GlobalFloodExposure/LKA/FloodPop_LKA_1122.tif.aux.xml
FloodPop_LKA_1123.tif,https://datacatalogfiles.worldbank.org/ddh-published/0062763/2/DR0089139/GlobalFloodExposure/LKA/FloodPop_LKA_1123.tif
FloodPop_LKA_1123.tif.aux.xml,https://datacatalogfiles.worldbank.org/ddh-published/0062763/2/DR0089139/GlobalFloodExposure/LKA/FloodPop_LKA_1123.tif.aux.xml
FloodPop_LKA_1124.tif,https://datacatalogfiles.worldbank.org/ddh-published/0062763/2/DR0089139/GlobalFloodExposure/LKA/FloodPop_LKA_1124.tif
FloodPop_LKA_1124.tif.aux.xml,https://datacatalogfiles.worldbank.org/ddh-published/0062763/2/DR0089139/GlobalFloodExposure/LKA/FloodPop_LKA_1124.tif.aux.xml
FloodPop_LSO_1645.tif,https://datacatalogfiles.worldbank.org/ddh-published/0062763/2/DR0089139/GlobalFloodExposure/LSO/FloodPop_LSO_1645.tif
FloodPop_LSO_1646.tif,https://datacatalogfiles.worldbank.org/ddh-published/0062763/2/DR0089139/GlobalFloodExposure/LSO/FloodPop_LSO_1646.tif
FloodPop_LSO_1647.tif,https://datacatalogfiles.worldbank.org/ddh-published/0062763/2/DR0089139/GlobalFloodExposure/LSO/FloodPop_LSO_1647.tif
FloodPop_LSO_1648.tif,https://datacatalogfiles.worldbank.org/ddh-published/0062763/2/DR0089139/GlobalFloodExposure/LSO/FloodPop_LSO_1648.tif
FloodPop_LSO_1649.tif,https://datacatalogfiles.worldbank.org/ddh-published/0062763/2/DR0089139/GlobalFloodExposure/LSO/FloodPop_LSO_1649.tif
FloodPop_LSO_1650.tif,https://datacatalogfiles.worldbank.org/ddh-published/0062763/2/DR0089139/GlobalFloodExposure/LSO/FloodPop_LSO_1650.tif
FloodPop_LSO_1651.tif,https://datacatalogfiles.worldbank.org/ddh-published/0062763/2/DR0089139/GlobalFloodExposure/LSO/FloodPop_LSO_1651.tif
FloodPop_LSO_1652.tif,https://datacatalogfiles.worldbank.org/ddh-published/0062763/2/DR0089139/GlobalFloodExposure/LSO/FloodPop_LSO_1652.tif
FloodPop_LSO_1653.tif,https://datacatalogfiles.worldbank.org/ddh-published/0062763/2/DR0089139/GlobalFloodExposure/LSO/FloodPop_LSO_1653.tif
FloodPop_LSO_1654.tif,https://datacatalogfiles.worldbank.org/ddh-published/0062763/2/DR0089139/GlobalFloodExposure/LSO/FloodPop_LSO_1654.tif
FloodPop_LTU_314.tif,https://datacatalogfiles.worldbank.org/ddh-published/0062763/2/DR0089139/GlobalFloodExposure/LTU/FloodPop_LTU_314.tif
FloodPop_LTU_315.tif,https://datacatalogfiles.worldbank.org/ddh-published/0062763/2/DR0089139/GlobalFloodExposure/LTU/FloodPop_LTU_315.tif
FloodPop_LTU_316.tif,https://datacatalogfiles.worldbank.org/ddh-published/0062763/2/DR0089139/GlobalFloodExposure/LTU/FloodPop_LTU_316.tif
FloodPop_LTU_317.tif,https://datacatalogfiles.worldbank.org/ddh-published/0062763/2/DR0089139/GlobalFloodExposure/LTU/FloodPop_LTU_317.tif
FloodPop_LTU_318.tif,https://datacatalogfiles.worldbank.org/ddh-published/0062763/2/DR0089139/GlobalFloodExposure/LTU/FloodPop_LTU_318.tif
FloodPop_LTU_319.tif,https://datacatalogfiles.worldbank.org/ddh-published/0062763/2/DR0089139/GlobalFloodExposure/LTU/FloodPop_LTU_319.tif
FloodPop_LTU_320.tif,https://datacatalogfiles.worldbank.org/ddh-published/0062763/2/DR0089139/GlobalFloodExposure/LTU/FloodPop_LTU_320.tif
FloodPop_LTU_321.tif,https://datacatalogfiles.worldbank.org/ddh-published/0062763/2/DR0089139/GlobalFloodExposure/LTU/FloodPop_LTU_321.tif
FloodPop_LTU_322.tif,https://datacatalogfiles.worldbank.org/ddh-published/0062763/2/DR0089139/GlobalFloodExposure/LTU/FloodPop_LTU_322.tif
FloodPop_LTU_323.tif,https://datacatalogfiles.worldbank.org/ddh-published/0062763/2/DR0089139/GlobalFloodExposure/LTU/FloodPop_LTU_323.tif
FloodPop_LUX_324.tif,https://datacatalogfiles.worldbank.org/ddh-published/0062763/2/DR0089139/GlobalFloodExposure/LUX/FloodPop_LUX_324.tif
FloodPop_LUX_325.tif,https://datacatalogfiles.worldbank.org/ddh-published/0062763/2/DR0089139/GlobalFloodExposure/LUX/FloodPop_LUX_325.tif
FloodPop_LUX_326.tif,https://datacatalogfiles.worldbank.org/ddh-published/0062763/2/DR0089139/GlobalFloodExposure/LUX/FloodPop_LUX_326.tif
FloodPop_LUX_327.tif,https://datacatalogfiles.worldbank.org/ddh-published/0062763/2/DR0089139/GlobalFloodExposure/LUX/FloodPop_LUX_327.tif
FloodPop_LUX_328.tif,https://datacatalogfiles.worldbank.org/ddh-published/0062763/2/DR0089139/GlobalFloodExposure/LUX/FloodPop_LUX_328.tif
FloodPop_LUX_329.tif,https://datacatalogfiles.worldbank.org/ddh-published/0062763/2/DR0089139/GlobalFloodExposure/LUX/FloodPop_LUX_329.tif
FloodPop_LUX_330.tif,https://datacatalogfiles.worldbank.org/ddh-published/0062763/2/DR0089139/GlobalFloodExposure/LUX/FloodPop_LUX_330.tif
FloodPop_LUX_331.tif,https://datacatalogfiles.worldbank.org/ddh-published/0062763/2/DR0089139/GlobalFloodExposure/LUX/FloodPop_LUX_331.tif
FloodPop_LUX_332.tif,https://datacatalogfiles.worldbank.org/ddh-published/0062763/2/DR0089139/GlobalFloodExposure/LUX/FloodPop_LUX_332.tif
FloodPop_LUX_333.tif,https://datacatalogfiles.worldbank.org/ddh-published/0062763/2/DR0089139/GlobalFloodExposure/LUX/FloodPop_LUX_333.tif
FloodPop_LUX_334.tif,https://datacatalogfiles.worldbank.org/ddh-published/0062763/2/DR0089139/GlobalFloodExposure/LUX/FloodPop_LUX_334.tif
FloodPop_LUX_335.tif,https://datacatalogfiles.worldbank.org/ddh-published/0062763/2/DR0089139/GlobalFloodExposure/LUX/FloodPop_LUX_335.tif
FloodPop_LVA_971.tif,https://datacatalogfiles.worldbank.org/ddh-published/0062763/2/DR0089139/GlobalFloodExposure/LVA/FloodPop_LVA_971.tif
FloodPop_MAR_499.tif,https://datacatalogfiles.worldbank.org/ddh-published/0062763/2/DR0089139/GlobalFloodExposure/MAR/FloodPop_MAR_499.tif
FloodPop_MAR_500.tif,https://datacatalogfiles.worldbank.org/ddh-published/0062763/2/DR0089139/GlobalFloodExposure/MAR/FloodPop_MAR_500.tif
FloodPop_MAR_501.tif,https://datacatalogfiles.worldbank.org/ddh-published/0062763/2/DR0089139/GlobalFloodExposure/MAR/FloodPop_MAR_501.tif
FloodPop_MAR_503.tif,https://datacatalogfiles.worldbank.org/ddh-published/0062763/2/DR0089139/GlobalFloodExposure/MAR/FloodPop_MAR_503.tif
FloodPop_MAR_504.tif,https://datacatalogfiles.worldbank.org/ddh-published/0062763/2/DR0089139/GlobalFloodExposure/MAR/FloodPop_MAR_504.tif
FloodPop_MAR_505.tif,https://datacatalogfiles.worldbank.org/ddh-published/0062763/2/DR0089139/GlobalFloodExposure/MAR/FloodPop_MAR_505.tif
FloodPop_MAR_506.tif,https://datacatalogfiles.worldbank.org/ddh-published/0062763/2/DR0089139/GlobalFloodExposure/MAR/FloodPop_MAR_506.tif
FloodPop_MAR_507.tif,https://datacatalogfiles.worldbank.org/ddh-published/0062763/2/DR0089139/GlobalFloodExposure/MAR/FloodPop_MAR_507.tif
FloodPop_MAR_508.tif,https://datacatalogfiles.worldbank.org/ddh-published/0062763/2/DR0089139/GlobalFloodExposure/MAR/FloodPop_MAR_508.tif
FloodPop_MAR_509.tif,https://datacatalogfiles.worldbank.org/ddh-published/0062763/2/DR0089139/GlobalFloodExposure/MAR/FloodPop_MAR_509.tif
FloodPop_MAR_510.tif,https://datacatalogfiles.worldbank.org/ddh-published/0062763/2/DR0089139/GlobalFloodExposure/MAR/FloodPop_MAR_510.tif
FloodPop_MCO_1906.tif,https://datacatalogfiles.worldbank.org/ddh-published/0062763/2/DR0089139/GlobalFloodExposure/MCO/FloodPop_MCO_1906.tif
FloodPop_MDA_1023.tif,https://datacatalogfiles.worldbank.org/ddh-published/0062763/2/DR0089139/GlobalFloodExposure/MDA/FloodPop_MDA_1023.tif
FloodPop_MDA_1024.tif,https://datacatalogfiles.worldbank.org/ddh-published/0062763/2/DR0089139/GlobalFloodExposure/MDA/FloodPop_MDA_1024.tif
FloodPop_MDA_1025.tif,https://datacatalogfiles.worldbank.org/ddh-published/0062763/2/DR0089139/GlobalFloodExposure/MDA/FloodPop_MDA_1025.tif
FloodPop_MDA_1027.tif,https://datacatalogfiles.worldbank.org/ddh-published/0062763/2/DR0089139/GlobalFloodExposure/MDA/FloodPop_MDA_1027.tif
FloodPop_MDA_1951.tif,https://datacatalogfiles.worldbank.org/ddh-published/0062763/2/DR0089139/GlobalFloodExposure/MDA/FloodPop_MDA_1951.tif
FloodPop_MDG_1511.tif,https://datacatalogfiles.worldbank.org/ddh-published/0062763/2/DR0089139/GlobalFloodExposure/MDG/FloodPop_MDG_1511.tif
FloodPop_MDG_1512.tif,https://datacatalogfiles.worldbank.org/ddh-published/0062763/2/DR0089139/GlobalFloodExposure/MDG/FloodPop_MDG_1512.tif
FloodPop_MDG_1513.tif,https://datacatalogfiles.worldbank.org/ddh-published/0062763/2/DR0089139/GlobalFloodExposure/MDG/FloodPop_MDG_1513.tif
FloodPop_MDG_1514.tif,https://datacatalogfiles.worldbank.org/ddh-published/0062763/2/DR0089139/GlobalFloodExposure/MDG/FloodPop_MDG_1514.tif
FloodPop_MDG_1515.tif,https://datacatalogfiles.worldbank.org/ddh-published/0062763/2/DR0089139/GlobalFloodExposure/MDG/FloodPop_MDG_1515.tif
FloodPop_MDG_1516.tif,https://datacatalogfiles.worldbank.org/ddh-published/0062763/2/DR0089139/GlobalFloodExposure/MDG/FloodPop_MDG_1516.tif
FloodPop_MDG_1517.tif,https://datacatalogfiles.worldbank.org/ddh-published/0062763/2/DR0089139/GlobalFloodExposure/MDG/FloodPop_MDG_1517.tif
FloodPop_MDG_1518.tif,https://datacatalogfiles.worldbank.org/ddh-published/0062763/2/DR0089139/GlobalFloodExposure/MDG/FloodPop_MDG_1518.tif
FloodPop_MDG_1519.tif,https://datacatalogfiles.worldbank.org/ddh-published/0062763/2/DR0089139/GlobalFloodExposure/MDG/FloodPop_MDG_1519.tif
FloodPop_MDG_1520.tif,https://datacatalogfiles.worldbank.org/ddh-published/0062763/2/DR0089139/GlobalFloodExposure/MDG/FloodPop_MDG_1520.tif
FloodPop_MDG_1521.tif,https://datacatalogfiles.worldbank.org/ddh-published/0062763/2/DR0089139/GlobalFloodExposure/MDG/FloodPop_MDG_1521.tif
FloodPop_MDG_1522.tif,https://datacatalogfiles.worldbank.org/ddh-published/0062763/2/DR0089139/GlobalFloodExposure/MDG/FloodPop_MDG_1522.tif
FloodPop_MDG_1523.tif,https://datacatalogfiles.worldbank.org/ddh-published/0062763/2/DR0089139/GlobalFloodExposure/MDG/FloodPop_MDG_1523.tif
FloodPop_MDG_1524.tif,https://datacatalogfiles.worldbank.org/ddh-published/0062763/2/DR0089139/GlobalFloodExposure/MDG/FloodPop_MDG_1524.tif
FloodPop_MDG_1525.tif,https://datacatalogfiles.worldbank.org/ddh-published/0062763/2/DR0089139/GlobalFloodExposure/MDG/FloodPop_MDG_1525.tif
FloodPop_MDG_1526.tif,https://datacatalogfiles.worldbank.org/ddh-published/0062763/2/DR0089139/GlobalFloodExposure/MDG/FloodPop_MDG_1526.tif
FloodPop_MDG_1527.tif,https://datacatalogfiles.worldbank.org/ddh-published/0062763/2/DR0089139/GlobalFloodExposure/MDG/FloodPop_MDG_1527.tif
FloodPop_MDG_1528.tif,https://datacatalogfiles.worldbank.org/ddh-published/0062763/2/DR0089139/GlobalFloodExposure/MDG/FloodPop_MDG_1528.tif
FloodPop_MDG_1529.tif,https://datacatalogfiles.worldbank.org/ddh-published/0062763/2/DR0089139/GlobalFloodExposure/MDG/FloodPop_MDG_1529.tif
FloodPop_MDG_1530.tif,https://datacatalogfiles.worldbank.org/ddh-published/0062763/2/DR0089139/GlobalFloodExposure/MDG/FloodPop_MDG_1530.tif
FloodPop_MDG_1531.tif,https://datacatalogfiles.worldbank.org/ddh-published/0062763/2/DR0089139/GlobalFloodExposure/MDG/FloodPop_MDG_1531.tif
FloodPop_MDG_1532.tif,https://datacatalogfiles.worldbank.org/ddh-published/0062763/2/DR0089139/GlobalFloodExposure/MDG/FloodPop_MDG_1532.tif
FloodPop_MEX_1170.tif,https://datacatalogfiles.worldbank.org/ddh-published/0062763/2/DR0089139/GlobalFloodExposure/MEX/FloodPop_MEX_1170.tif
FloodPop_MEX_1171.tif,https://datacatalogfiles.worldbank.org/ddh-published/0062763/2/DR0089139/GlobalFloodExposure/MEX/FloodPop_MEX_1171.tif
FloodPop_MEX_1172.tif,https://datacatalogfiles.worldbank.org/ddh-published/0062763/2/DR0089139/GlobalFloodExposure/MEX/FloodPop_MEX_1172.tif
FloodPop_MEX_1173.tif,https://datacatalogfiles.worldbank.org/ddh-published/0062763/2/DR0089139/GlobalFloodExposure/MEX/FloodPop_MEX_1173.tif
FloodPop_MEX_1174.tif,https://datacatalogfiles.worldbank.org/ddh-published/0062763/2/DR0089139/GlobalFloodExposure/MEX/FloodPop_MEX_1174.tif
FloodPop_MEX_1175.tif,https://datacatalogfiles.worldbank.org/ddh-published/0062763/2/DR0089139/GlobalFloodExposure/MEX/FloodPop_MEX_1175.tif
FloodPop_MEX_1176.tif,https://datacatalogfiles.worldbank.org/ddh-published/0062763/2/DR0089139/GlobalFloodExposure/MEX/FloodPop_MEX_1176.tif
FloodPop_MEX_1177.tif,https://datacatalogfiles.worldbank.org/ddh-published/0062763/2/DR0089139/GlobalFloodExposure/MEX/FloodPop_MEX_1177.tif
FloodPop_MEX_1178.tif,https://datacatalogfiles.worldbank.org/ddh-published/0062763/2/DR0089139/GlobalFloodExposure/MEX/FloodPop_MEX_1178.tif
FloodPop_MEX_1179.tif,https://datacatalogfiles.worldbank.org/ddh-published/0062763/2/DR0089139/GlobalFloodExposure/MEX/FloodPop_MEX_1179.tif
FloodPop_MEX_1180.tif,https://datacatalogfiles.worldbank.org/ddh-published/0062763/2/DR0089139/GlobalFloodExposure/MEX/FloodPop_MEX_1180.tif
FloodPop_MEX_1181.tif,https://datacatalogfiles.worldbank.org/ddh-published/0062763/2/DR0089139/GlobalFloodExposure/MEX/FloodPop_MEX_1181.tif
FloodPop_MEX_1182.tif,https://datacatalogfiles.worldbank.org/ddh-published/0062763/2/DR0089139/GlobalFloodExposure/MEX/FloodPop_MEX_1182.tif
FloodPop_MEX_1183.tif,https://datacatalogfiles.worldbank.org/ddh-published/0062763/2/DR0089139/GlobalFloodExposure/MEX/FloodPop_MEX_1183.tif
FloodPop_MEX_1184.tif,https://datacatalogfiles.worldbank.org/ddh-published/0062763/2/DR0089139/GlobalFloodExposure/MEX/FloodPop_MEX_1184.tif
FloodPop_MEX_1185.tif,https://datacatalogfiles.worldbank.org/ddh-published/0062763/2/DR0089139/GlobalFloodExposure/MEX/FloodPop_MEX_1185.tif
FloodPop_MEX_1186.tif,https://datacatalogfiles.worldbank.org/ddh-published/0062763/2/DR0089139/GlobalFloodExposure/MEX/FloodPop_MEX_1186.tif
FloodPop_MEX_1187.tif,https://datacatalogfiles.worldbank.org/ddh-published/0062763/2/DR0089139/GlobalFloodExposure/MEX/FloodPop_MEX_1187.tif
FloodPop_MEX_1188.tif,https://datacatalogfiles.worldbank.org/ddh-published/0062763/2/DR0089139/GlobalFloodExposure/MEX/FloodPop_MEX_1188.tif
FloodPop_MEX_1189.tif,https://datacatalogfiles.worldbank.org/ddh-published/0062763/2/DR0089139/GlobalFloodExposure/MEX/FloodPop_MEX_1189.tif
FloodPop_MEX_1190.tif,https://datacatalogfiles.worldbank.org/ddh-published/0062763/2/DR0089139/GlobalFloodExposure/MEX/FloodPop_MEX_1190.tif
FloodPop_MEX_1191.tif,https://datacatalogfiles.worldbank.org/ddh-published/0062763/2/DR0089139/GlobalFloodExposure/MEX/FloodPop_MEX_1191.tif
FloodPop_MEX_1192.tif,https://datacatalogfiles.worldbank.org/ddh-published/0062763/2/DR0089139/GlobalFloodExposure/MEX/FloodPop_MEX_1192.tif
FloodPop_MEX_1193.tif,https://datacatalogfiles.worldbank.org/ddh-published/0062763/2/DR0089139/GlobalFloodExposure/MEX/FloodPop_MEX_1193.tif
FloodPop_MEX_1194.tif,https://datacatalogfiles.worldbank.org/ddh-published/0062763/2/DR0089139/GlobalFloodExposure/MEX/FloodPop_MEX_1194.tif
FloodPop_MEX_1195.tif,https://datacatalogfiles.worldbank.org/ddh-published/0062763/2/DR0089139/GlobalFloodExposure/MEX/FloodPop_MEX_1195.tif
FloodPop_MEX_1196.tif,https://datacatalogfiles.worldbank.org/ddh-published/0062763/2/DR0089139/GlobalFloodExposure/MEX/FloodPop_MEX_1196.tif
FloodPop_MEX_1197.tif,https://datacatalogfiles.worldbank.org/ddh-published/0062763/2/DR0089139/GlobalFloodExposure/MEX/FloodPop_MEX_1197.tif
FloodPop_MEX_1198.tif,https://datacatalogfiles.worldbank.org/ddh-published/0062763/2/DR0089139/GlobalFloodExposure/MEX/FloodPop_MEX_1198.tif
FloodPop_MEX_1199.tif,https://datacatalogfiles.worldbank.org/ddh-published/0062763/2/DR0089139/GlobalFloodExposure/MEX/FloodPop_MEX_1199.tif
FloodPop_MEX_1200.tif,https://datacatalogfiles.worldbank.org/ddh-published/0062763/2/DR0089139/GlobalFloodExposure/MEX/FloodPop_MEX_1200.tif
FloodPop_MEX_1201.tif,https://datacatalogfiles.worldbank.org/ddh-published/0062763/2/DR0089139/GlobalFloodExposure/MEX/FloodPop_MEX_1201.tif
FloodPop_MKD_336.tif,https://datacatalogfiles.worldbank.org/ddh-published/0062763/2/DR0089139/GlobalFloodExposure/MKD/FloodPop_MKD_336.tif
FloodPop_MKD_337.tif,https://datacatalogfiles.worldbank.org/ddh-published/0062763/2/DR0089139/GlobalFloodExposure/MKD/FloodPop_MKD_337.tif
FloodPop_MKD_338.tif,https://datacatalogfiles.worldbank.org/ddh-published/0062763/2/DR0089139/GlobalFloodExposure/MKD/FloodPop_MKD_338.tif
FloodPop_MKD_339.tif,https://datacatalogfiles.worldbank.org/ddh-published/0062763/2/DR0089139/GlobalFloodExposure/MKD/FloodPop_MKD_339.tif
FloodPop_MKD_340.tif,https://datacatalogfiles.worldbank.org/ddh-published/0062763/2/DR0089139/GlobalFloodExposure/MKD/FloodPop_MKD_340.tif
FloodPop_MKD_341.tif,https://datacatalogfiles.worldbank.org/ddh-published/0062763/2/DR0089139/GlobalFloodExposure/MKD/FloodPop_MKD_341.tif
FloodPop_MKD_342.tif,https://datacatalogfiles.worldbank.org/ddh-published/0062763/2/DR0089139/GlobalFloodExposure/MKD/FloodPop_MKD_342.tif
FloodPop_MKD_343.tif,https://datacatalogfiles.worldbank.org/ddh-published/0062763/2/DR0089139/GlobalFloodExposure/MKD/FloodPop_MKD_343.tif
FloodPop_MLI_1788.tif,https://datacatalogfiles.worldbank.org/ddh-published/0062763/2/DR0089139/GlobalFloodExposure/MLI/FloodPop_MLI_1788.tif
FloodPop_MLI_1789.tif,https://datacatalogfiles.worldbank.org/ddh-published/0062763/2/DR0089139/GlobalFloodExposure/MLI/FloodPop_MLI_1789.tif
FloodPop_MLI_1790.tif,https://datacatalogfiles.worldbank.org/ddh-published/0062763/2/DR0089139/GlobalFloodExposure/MLI/FloodPop_MLI_1790.tif
FloodPop_MLI_1791.tif,https://datacatalogfiles.worldbank.org/ddh-published/0062763/2/DR0089139/GlobalFloodExposure/MLI/FloodPop_MLI_1791.tif
FloodPop_MLI_1792.tif,https://datacatalogfiles.worldbank.org/ddh-published/0062763/2/DR0089139/GlobalFloodExposure/MLI/FloodPop_MLI_1792.tif
FloodPop_MLI_1793.tif,https://datacatalogfiles.worldbank.org/ddh-published/0062763/2/DR0089139/GlobalFloodExposure/MLI/FloodPop_MLI_1793.tif
FloodPop_MLI_1794.tif,https://datacatalogfiles.worldbank.org/ddh-published/0062763/2/DR0089139/GlobalFloodExposure/MLI/FloodPop_MLI_1794.tif
FloodPop_MLI_1795.tif,https://datacatalogfiles.worldbank.org/ddh-published/0062763/2/DR0089139/GlobalFloodExposure/MLI/FloodPop_MLI_1795.tif
FloodPop_MLI_1796.tif,https://datacatalogfiles.worldbank.org/ddh-published/0062763/2/DR0089139/GlobalFloodExposure/MLI/FloodPop_MLI_1796.tif
FloodPop_MLT_756.tif,https://datacatalogfiles.worldbank.org/ddh-published/0062763/2/DR0089139/GlobalFloodExposure/MLT/FloodPop_MLT_756.tif
FloodPop_MMR_74.tif,https://datacatalogfiles.worldbank.org/ddh-published/0062763/2/DR0089139/GlobalFloodExposure/MMR/FloodPop_MMR_74.tif
FloodPop_MMR_75.tif,https://datacatalogfiles.worldbank.org/ddh-published/0062763/2/DR0089139/GlobalFloodExposure/MMR/FloodPop_MMR_75.tif
FloodPop_MMR_76.tif,https://datacatalogfiles.worldbank.org/ddh-published/0062763/2/DR0089139/GlobalFloodExposure/MMR/FloodPop_MMR_76.tif
FloodPop_MMR_77.tif,https://datacatalogfiles.worldbank.org/ddh-published/0062763/2/DR0089139/GlobalFloodExposure/MMR/FloodPop_MMR_77.tif
FloodPop_MMR_78.tif,https://datacatalogfiles.worldbank.org/ddh-published/0062763/2/DR0089139/GlobalFloodExposure/MMR/FloodPop_MMR_78.tif
FloodPop_MNE_344.tif,https://datacatalogfiles.worldbank.org/ddh-published/0062763/2/DR0089139/GlobalFloodExposure/MNE/FloodPop_MNE_344.tif
FloodPop_MNE_345.tif,https://datacatalogfiles.worldbank.org/ddh-published/0062763/2/DR0089139/GlobalFloodExposure/MNE/FloodPop_MNE_345.tif
FloodPop_MNE_346.tif,https://datacatalogfiles.worldbank.org/ddh-published/0062763/2/DR0089139/GlobalFloodExposure/MNE/FloodPop_MNE_346.tif
FloodPop_MNE_347.tif,https://datacatalogfiles.worldbank.org/ddh-published/0062763/2/DR0089139/GlobalFloodExposure/MNE/FloodPop_MNE_347.tif
FloodPop_MNG_100.tif,https://datacatalogfiles.worldbank.org/ddh-published/0062763/2/DR0089139/GlobalFloodExposure/MNG/FloodPop_MNG_100.tif
FloodPop_MNG_79.tif,https://datacatalogfiles.worldbank.org/ddh-published/0062763/2/DR0089139/GlobalFloodExposure/MNG/FloodPop_MNG_79.tif
FloodPop_MNG_80.tif,https://datacatalogfiles.worldbank.org/ddh-published/0062763/2/DR0089139/GlobalFloodExposure/MNG/FloodPop_MNG_80.tif
FloodPop_MNG_81.tif,https://datacatalogfiles.worldbank.org/ddh-published/0062763/2/DR0089139/GlobalFloodExposure/MNG/FloodPop_MNG_81.tif
FloodPop_MNG_82.tif,https://datacatalogfiles.worldbank.org/ddh-published/0062763/2/DR0089139/GlobalFloodExposure/MNG/FloodPop_MNG_82.tif
FloodPop_MNG_83.tif,https://datacatalogfiles.worldbank.org/ddh-published/0062763/2/DR0089139/GlobalFloodExposure/MNG/FloodPop_MNG_83.tif
FloodPop_MNG_84.tif,https://datacatalogfiles.worldbank.org/ddh-published/0062763/2/DR0089139/GlobalFloodExposure/MNG/FloodPop_MNG_84.tif
FloodPop_MNG_85.tif,https://datacatalogfiles.worldbank.org/ddh-published/0062763/2/DR0089139/GlobalFloodExposure/MNG/FloodPop_MNG_85.tif
FloodPop_MNG_86.tif,https://datacatalogfiles.worldbank.org/ddh-published/0062763/2/DR0089139/GlobalFloodExposure/MNG/FloodPop_MNG_86.tif
FloodPop_MNG_87.tif,https://datacatalogfiles.worldbank.org/ddh-published/0062763/2/DR0089139/GlobalFloodExposure/MNG/FloodPop_MNG_87.tif
FloodPop_MNG_88.tif,https://datacatalogfiles.worldbank.org/ddh-published/0062763/2/DR0089139/GlobalFloodExposure/MNG/FloodPop_MNG_88.tif
FloodPop_MNG_89.tif,https://datacatalogfiles.worldbank.org/ddh-published/0062763/2/DR0089139/GlobalFloodExposure/MNG/FloodPop_MNG_89.tif
FloodPop_MNG_90.tif,https://datacatalogfiles.worldbank.org/ddh-published/0062763/2/DR0089139/GlobalFloodExposure/MNG/FloodPop_MNG_90.tif
FloodPop_MNG_91.tif,https://datacatalogfiles.worldbank.org/ddh-published/0062763/2/DR0089139/GlobalFloodExposure/MNG/FloodPop_MNG_91.tif
FloodPop_MNG_92.tif,https://datacatalogfiles.worldbank.org/ddh-published/0062763/2/DR0089139/GlobalFloodExposure/MNG/FloodPop_MNG_92.tif
FloodPop_MNG_93.tif,https://datacatalogfiles.worldbank.org/ddh-published/0062763/2/DR0089139/GlobalFloodExposure/MNG/FloodPop_MNG_93.tif
FloodPop_MNG_94.tif,https://datacatalogfiles.worldbank.org/ddh-published/0062763/2/DR0089139/GlobalFloodExposure/MNG/FloodPop_MNG_94.tif
FloodPop_MNG_95.tif,https://datacatalogfiles.worldbank.org/ddh-published/0062763/2/DR0089139/GlobalFloodExposure/MNG/FloodPop_MNG_95.tif
FloodPop_MNG_96.tif,https://datacatalogfiles.worldbank.org/ddh-published/0062763/2/DR0089139/GlobalFloodExposure/MNG/FloodPop_MNG_96.tif
FloodPop_MNG_97.tif,https://datacatalogfiles.worldbank.org/ddh-published/0062763/2/DR0089139/GlobalFloodExposure/MNG/FloodPop_MNG_97.tif
FloodPop_MNG_98.tif,https://datacatalogfiles.worldbank.org/ddh-published/0062763/2/DR0089139/GlobalFloodExposure/MNG/FloodPop_MNG_98.tif
FloodPop_MNG_99.tif,https://datacatalogfiles.worldbank.org/ddh-published/0062763/2/DR0089139/GlobalFloodExposure/MNG/FloodPop_MNG_99.tif
FloodPop_MOZ_1462.tif,https://datacatalogfiles.worldbank.org/ddh-published/0062763/2/DR0089139/GlobalFloodExposure/MOZ/FloodPop_MOZ_1462.tif
FloodPop_MOZ_1463.tif,https://datacatalogfiles.worldbank.org/ddh-published/0062763/2/DR0089139/GlobalFloodExposure/MOZ/FloodPop_MOZ_1463.tif
FloodPop_MOZ_1464.tif,https://datacatalogfiles.worldbank.org/ddh-published/0062763/2/DR0089139/GlobalFloodExposure/MOZ/FloodPop_MOZ_1464.tif
FloodPop_MOZ_1465.tif,https://datacatalogfiles.worldbank.org/ddh-published/0062763/2/DR0089139/GlobalFloodExposure/MOZ/FloodPop_MOZ_1465.tif
FloodPop_MOZ_1466.tif,https://datacatalogfiles.worldbank.org/ddh-published/0062763/2/DR0089139/GlobalFloodExposure/MOZ/FloodPop_MOZ_1466.tif
FloodPop_MOZ_1467.tif,https://datacatalogfiles.worldbank.org/ddh-published/0062763/2/DR0089139/GlobalFloodExposure/MOZ/FloodPop_MOZ_1467.tif
FloodPop_MOZ_1468.tif,https://datacatalogfiles.worldbank.org/ddh-published/0062763/2/DR0089139/GlobalFloodExposure/MOZ/FloodPop_MOZ_1468.tif
FloodPop_MOZ_1469.tif,https://datacatalogfiles.worldbank.org/ddh-published/0062763/2/DR0089139/GlobalFloodExposure/MOZ/FloodPop_MOZ_1469.tif
FloodPop_MOZ_1470.tif,https://datacatalogfiles.worldbank.org/ddh-published/0062763/2/DR0089139/GlobalFloodExposure/MOZ/FloodPop_MOZ_1470.tif
FloodPop_MOZ_1471.tif,https://datacatalogfiles.worldbank.org/ddh-published/0062763/2/DR0089139/GlobalFloodExposure/MOZ/FloodPop_MOZ_1471.tif
FloodPop_MOZ_1472.tif,https://datacatalogfiles.worldbank.org/ddh-published/0062763/2/DR0089139/GlobalFloodExposure/MOZ/FloodPop_MOZ_1472.tif
FloodPop_MRT_1665.tif,https://datacatalogfiles.worldbank.org/ddh-published/0062763/2/DR0089139/GlobalFloodExposure/MRT/FloodPop_MRT_1665.tif
FloodPop_MRT_1666.tif,https://datacatalogfiles.worldbank.org/ddh-published/0062763/2/DR0089139/GlobalFloodExposure/MRT/FloodPop_MRT_1666.tif
FloodPop_MRT_1667.tif,https://datacatalogfiles.worldbank.org/ddh-published/0062763/2/DR0089139/GlobalFloodExposure/MRT/FloodPop_MRT_1667.tif
FloodPop_MRT_1668.tif,https://datacatalogfiles.worldbank.org/ddh-published/0062763/2/DR0089139/GlobalFloodExposure/MRT/FloodPop_MRT_1668.tif
FloodPop_MRT_1669.tif,https://datacatalogfiles.worldbank.org/ddh-published/0062763/2/DR0089139/GlobalFloodExposure/MRT/FloodPop_MRT_1669.tif
FloodPop_MRT_1670.tif,https://datacatalogfiles.worldbank.org/ddh-published/0062763/2/DR0089139/GlobalFloodExposure/MRT/FloodPop_MRT_1670.tif
FloodPop_MRT_1671.tif,https://datacatalogfiles.worldbank.org/ddh-published/0062763/2/DR0089139/GlobalFloodExposure/MRT/FloodPop_MRT_1671.tif
FloodPop_MRT_1672.tif,https://datacatalogfiles.worldbank.org/ddh-published/0062763/2/DR0089139/GlobalFloodExposure/MRT/FloodPop_MRT_1672.tif
FloodPop_MRT_1673.tif,https://datacatalogfiles.worldbank.org/ddh-published/0062763/2/DR0089139/GlobalFloodExposure/MRT/FloodPop_MRT_1673.tif
FloodPop_MRT_1674.tif,https://datacatalogfiles.worldbank.org/ddh-published/0062763/2/DR0089139/GlobalFloodExposure/MRT/FloodPop_MRT_1674.tif
FloodPop_MRT_1675.tif,https://datacatalogfiles.worldbank.org/ddh-published/0062763/2/DR0089139/GlobalFloodExposure/MRT/FloodPop_MRT_1675.tif
FloodPop_MRT_1676.tif,https://datacatalogfiles.worldbank.org/ddh-published/0062763/2/DR0089139/GlobalFloodExposure/MRT/FloodPop_MRT_1676.tif
FloodPop_MRT_1677.tif,https://datacatalogfiles.worldbank.org/ddh-published/0062763/2/DR0089139/GlobalFloodExposure/MRT/FloodPop_MRT_1677.tif
FloodPop_MUS_1533.tif,https://datacatalogfiles.worldbank.org/ddh-published/0062763/2/DR0089139/GlobalFloodExposure/MUS/FloodPop_MUS_1533.tif
FloodPop_MUS_1534.tif,https://datacatalogfiles.worldbank.org/ddh-published/0062763/2/DR0089139/GlobalFloodExposure/MUS/FloodPop_MUS_1534.tif
FloodPop_MUS_1535.tif,https://datacatalogfiles.worldbank.org/ddh-published/0062763/2/DR0089139/GlobalFloodExposure/MUS/FloodPop_MUS_1535.tif
FloodPop_MUS_1536.tif,https://datacatalogfiles.worldbank.org/ddh-published/0062763/2/DR0089139/GlobalFloodExposure/MUS/FloodPop_MUS_1536.tif
FloodPop_MUS_1537.tif,https://datacatalogfiles.worldbank.org/ddh-published/0062763/2/DR0089139/GlobalFloodExposure/MUS/FloodPop_MUS_1537.tif
FloodPop_MUS_1538.tif,https://datacatalogfiles.worldbank.org/ddh-published/0062763/2/DR0089139/GlobalFloodExposure/MUS/FloodPop_MUS_1538.tif
FloodPop_MUS_1539.tif,https://datacatalogfiles.worldbank.org/ddh-published/0062763/2/DR0089139/GlobalFloodExposure/MUS/FloodPop_MUS_1539.tif
FloodPop_MUS_1540.tif,https://datacatalogfiles.worldbank.org/ddh-published/0062763/2/DR0089139/GlobalFloodExposure/MUS/FloodPop_MUS_1540.tif
FloodPop_MUS_1541.tif,https://datacatalogfiles.worldbank.org/ddh-published/0062763/2/DR0089139/GlobalFloodExposure/MUS/FloodPop_MUS_1541.tif
FloodPop_MUS_1542.tif,https://datacatalogfiles.worldbank.org/ddh-published/0062763/2/DR0089139/GlobalFloodExposure/MUS/FloodPop_MUS_1542.tif
FloodPop_MWI_639.tif,https://datacatalogfiles.worldbank.org/ddh-published/0062763/2/DR0089139/GlobalFloodExposure/MWI/FloodPop_MWI_639.tif
FloodPop_MWI_640.tif,https://datacatalogfiles.worldbank.org/ddh-published/0062763/2/DR0089139/GlobalFloodExposure/MWI/FloodPop_MWI_640.tif
FloodPop_MWI_641.tif,https://datacatalogfiles.worldbank.org/ddh-published/0062763/2/DR0089139/GlobalFloodExposure/MWI/FloodPop_MWI_641.tif
FloodPop_MWI_642.tif,https://datacatalogfiles.worldbank.org/ddh-published/0062763/2/DR0089139/GlobalFloodExposure/MWI/FloodPop_MWI_642.tif
FloodPop_MWI_643.tif,https://datacatalogfiles.worldbank.org/ddh-published/0062763/2/DR0089139/GlobalFloodExposure/MWI/FloodPop_MWI_643.tif
FloodPop_MWI_644.tif,https://datacatalogfiles.worldbank.org/ddh-published/0062763/2/DR0089139/GlobalFloodExposure/MWI/FloodPop_MWI_644.tif
FloodPop_MWI_645.tif,https://datacatalogfiles.worldbank.org/ddh-published/0062763/2/DR0089139/GlobalFloodExposure/MWI/FloodPop_MWI_645.tif
FloodPop_MWI_646.tif,https://datacatalogfiles.worldbank.org/ddh-published/0062763/2/DR0089139/GlobalFloodExposure/MWI/FloodPop_MWI_646.tif
FloodPop_MWI_647.tif,https://datacatalogfiles.worldbank.org/ddh-published/0062763/2/DR0089139/GlobalFloodExposure/MWI/FloodPop_MWI_647.tif
FloodPop_MWI_648.tif,https://datacatalogfiles.worldbank.org/ddh-published/0062763/2/DR0089139/GlobalFloodExposure/MWI/FloodPop_MWI_648.tif
FloodPop_MWI_649.tif,https://datacatalogfiles.worldbank.org/ddh-published/0062763/2/DR0089139/GlobalFloodExposure/MWI/FloodPop_MWI_649.tif
FloodPop_MWI_650.tif,https://datacatalogfiles.worldbank.org/ddh-published/0062763/2/DR0089139/GlobalFloodExposure/MWI/FloodPop_MWI_650.tif
FloodPop_MWI_651.tif,https://datacatalogfiles.worldbank.org/ddh-published/0062763/2/DR0089139/GlobalFloodExposure/MWI/FloodPop_MWI_651.tif
FloodPop_MWI_652.tif,https://datacatalogfiles.worldbank.org/ddh-published/0062763/2/DR0089139/GlobalFloodExposure/MWI/FloodPop_MWI_652.tif
FloodPop_MWI_653.tif,https://datacatalogfiles.worldbank.org/ddh-published/0062763/2/DR0089139/GlobalFloodExposure/MWI/FloodPop_MWI_653.tif
FloodPop_MWI_654.tif,https://datacatalogfiles.worldbank.org/ddh-published/0062763/2/DR0089139/GlobalFloodExposure/MWI/FloodPop_MWI_654.tif
FloodPop_MWI_655.tif,https://datacatalogfiles.worldbank.org/ddh-published/0062763/2/DR0089139/GlobalFloodExposure/MWI/FloodPop_MWI_655.tif
FloodPop_MWI_656.tif,https://datacatalogfiles.worldbank.org/ddh-published/0062763/2/DR0089139/GlobalFloodExposure/MWI/FloodPop_MWI_656.tif
FloodPop_MWI_657.tif,https://datacatalogfiles.worldbank.org/ddh-published/0062763/2/DR0089139/GlobalFloodExposure/MWI/FloodPop_MWI_657.tif
FloodPop_MWI_658.tif,https://datacatalogfiles.worldbank.org/ddh-published/0062763/2/DR0089139/GlobalFloodExposure/MWI/FloodPop_MWI_658.tif
FloodPop_MWI_659.tif,https://datacatalogfiles.worldbank.org/ddh-published/0062763/2/DR0089139/GlobalFloodExposure/MWI/FloodPop_MWI_659.tif
FloodPop_MWI_660.tif,https://datacatalogfiles.worldbank.org/ddh-published/0062763/2/DR0089139/GlobalFloodExposure/MWI/FloodPop_MWI_660.tif
FloodPop_MWI_661.tif,https://datacatalogfiles.worldbank.org/ddh-published/0062763/2/DR0089139/GlobalFloodExposure/MWI/FloodPop_MWI_661.tif
FloodPop_MWI_662.tif,https://datacatalogfiles.worldbank.org/ddh-published/0062763/2/DR0089139/GlobalFloodExposure/MWI/FloodPop_MWI_662.tif
FloodPop_MWI_663.tif,https://datacatalogfiles.worldbank.org/ddh-published/0062763/2/DR0089139/GlobalFloodExposure/MWI/FloodPop_MWI_663.tif
FloodPop_MWI_664.tif,https://datacatalogfiles.worldbank.org/ddh-published/0062763/2/DR0089139/GlobalFloodExposure/MWI/FloodPop_MWI_664.tif
FloodPop_MWI_665.tif,https://datacatalogfiles.worldbank.org/ddh-published/0062763/2/DR0089139/GlobalFloodExposure/MWI/FloodPop_MWI_665.tif
FloodPop_MWI_666.tif,https://datacatalogfiles.worldbank.org/ddh-published/0062763/2/DR0089139/GlobalFloodExposure/MWI/FloodPop_MWI_666.tif
FloodPop_MYS_101.tif,https://datacatalogfiles.worldbank.org/ddh-published/0062763/2/DR0089139/GlobalFloodExposure/MYS/FloodPop_MYS_101.tif
FloodPop_MYS_102.tif,https://datacatalogfiles.worldbank.org/ddh-published/0062763/2/DR0089139/GlobalFloodExposure/MYS/FloodPop_MYS_102.tif
FloodPop_MYS_103.tif,https://datacatalogfiles.worldbank.org/ddh-published/0062763/2/DR0089139/GlobalFloodExposure/MYS/FloodPop_MYS_103.tif
FloodPop_MYS_104.tif,https://datacatalogfiles.worldbank.org/ddh-published/0062763/2/DR0089139/GlobalFloodExposure/MYS/FloodPop_MYS_104.tif
FloodPop_MYS_104.tif.aux.xml,https://datacatalogfiles.worldbank.org/ddh-published/0062763/2/DR0089139/GlobalFloodExposure/MYS/FloodPop_MYS_104.tif.aux.xml
FloodPop_MYS_105.tif,https://datacatalogfiles.worldbank.org/ddh-published/0062763/2/DR0089139/GlobalFloodExposure/MYS/FloodPop_MYS_105.tif
FloodPop_MYS_106.tif,https://datacatalogfiles.worldbank.org/ddh-published/0062763/2/DR0089139/GlobalFloodExposure/MYS/FloodPop_MYS_106.tif
FloodPop_MYS_107.tif,https://datacatalogfiles.worldbank.org/ddh-published/0062763/2/DR0089139/GlobalFloodExposure/MYS/FloodPop_MYS_107.tif
FloodPop_MYS_107.tif.aux.xml,https://datacatalogfiles.worldbank.org/ddh-published/0062763/2/DR0089139/GlobalFloodExposure/MYS/FloodPop_MYS_107.tif.aux.xml
FloodPop_MYS_108.tif,https://datacatalogfiles.worldbank.org/ddh-published/0062763/2/DR0089139/GlobalFloodExposure/MYS/FloodPop_MYS_108.tif
FloodPop_MYS_109.tif,https://datacatalogfiles.worldbank.org/ddh-published/0062763/2/DR0089139/GlobalFloodExposure/MYS/FloodPop_MYS_109.tif
FloodPop_MYS_110.tif,https://datacatalogfiles.worldbank.org/ddh-published/0062763/2/DR0089139/GlobalFloodExposure/MYS/FloodPop_MYS_110.tif
FloodPop_MYS_111.tif,https://datacatalogfiles.worldbank.org/ddh-published/0062763/2/DR0089139/GlobalFloodExposure/MYS/FloodPop_MYS_111.tif
FloodPop_MYS_112.tif,https://datacatalogfiles.worldbank.org/ddh-published/0062763/2/DR0089139/GlobalFloodExposure/MYS/FloodPop_MYS_112.tif
FloodPop_MYS_113.tif,https://datacatalogfiles.worldbank.org/ddh-published/0062763/2/DR0089139/GlobalFloodExposure/MYS/FloodPop_MYS_113.tif
FloodPop_MYS_114.tif,https://datacatalogfiles.worldbank.org/ddh-published/0062763/2/DR0089139/GlobalFloodExposure/MYS/FloodPop_MYS_114.tif
FloodPop_MYS_114.tif.aux.xml,https://datacatalogfiles.worldbank.org/ddh-published/0062763/2/DR0089139/GlobalFloodExposure/MYS/FloodPop_MYS_114.tif.aux.xml
FloodPop_NAM_1632.tif,https://datacatalogfiles.worldbank.org/ddh-published/0062763/2/DR0089139/GlobalFloodExposure/NAM/FloodPop_NAM_1632.tif
FloodPop_NAM_1633.tif,https://datacatalogfiles.worldbank.org/ddh-published/0062763/2/DR0089139/GlobalFloodExposure/NAM/FloodPop_NAM_1633.tif
FloodPop_NAM_1634.tif,https://datacatalogfiles.worldbank.org/ddh-published/0062763/2/DR0089139/GlobalFloodExposure/NAM/FloodPop_NAM_1634.tif
FloodPop_NAM_1635.tif,https://datacatalogfiles.worldbank.org/ddh-published/0062763/2/DR0089139/GlobalFloodExposure/NAM/FloodPop_NAM_1635.tif
FloodPop_NAM_1636.tif,https://datacatalogfiles.worldbank.org/ddh-published/0062763/2/DR0089139/GlobalFloodExposure/NAM/FloodPop_NAM_1636.tif
FloodPop_NAM_1637.tif,https://datacatalogfiles.worldbank.org/ddh-published/0062763/2/DR0089139/GlobalFloodExposure/NAM/FloodPop_NAM_1637.tif
FloodPop_NAM_1638.tif,https://datacatalogfiles.worldbank.org/ddh-published/0062763/2/DR0089139/GlobalFloodExposure/NAM/FloodPop_NAM_1638.tif
FloodPop_NAM_1639.tif,https://datacatalogfiles.worldbank.org/ddh-published/0062763/2/DR0089139/GlobalFloodExposure/NAM/FloodPop_NAM_1639.tif
FloodPop_NAM_1640.tif,https://datacatalogfiles.worldbank.org/ddh-published/0062763/2/DR0089139/GlobalFloodExposure/NAM/FloodPop_NAM_1640.tif
FloodPop_NAM_1641.tif,https://datacatalogfiles.worldbank.org/ddh-published/0062763/2/DR0089139/GlobalFloodExposure/NAM/FloodPop_NAM_1641.tif
FloodPop_NAM_1642.tif,https://datacatalogfiles.worldbank.org/ddh-published/0062763/2/DR0089139/GlobalFloodExposure/NAM/FloodPop_NAM_1642.tif
FloodPop_NAM_1643.tif,https://datacatalogfiles.worldbank.org/ddh-published/0062763/2/DR0089139/GlobalFloodExposure/NAM/FloodPop_NAM_1643.tif
FloodPop_NAM_1644.tif,https://datacatalogfiles.worldbank.org/ddh-published/0062763/2/DR0089139/GlobalFloodExposure/NAM/FloodPop_NAM_1644.tif
FloodPop_NCL_2006.tif,https://datacatalogfiles.worldbank.org/ddh-published/0062763/2/DR0089139/GlobalFloodExposure/NCL/FloodPop_NCL_2006.tif
FloodPop_NER_1733.tif,https://datacatalogfiles.worldbank.org/ddh-published/0062763/2/DR0089139/GlobalFloodExposure/NER/FloodPop_NER_1733.tif
FloodPop_NER_1734.tif,https://datacatalogfiles.worldbank.org/ddh-published/0062763/2/DR0089139/GlobalFloodExposure/NER/FloodPop_NER_1734.tif
FloodPop_NER_1735.tif,https://datacatalogfiles.worldbank.org/ddh-published/0062763/2/DR0089139/GlobalFloodExposure/NER/FloodPop_NER_1735.tif
FloodPop_NER_1736.tif,https://datacatalogfiles.worldbank.org/ddh-published/0062763/2/DR0089139/GlobalFloodExposure/NER/FloodPop_NER_1736.tif
FloodPop_NER_1737.tif,https://datacatalogfiles.worldbank.org/ddh-published/0062763/2/DR0089139/GlobalFloodExposure/NER/FloodPop_NER_1737.tif
FloodPop_NER_1738.tif,https://datacatalogfiles.worldbank.org/ddh-published/0062763/2/DR0089139/GlobalFloodExposure/NER/FloodPop_NER_1738.tif
FloodPop_NER_1739.tif,https://datacatalogfiles.worldbank.org/ddh-published/0062763/2/DR0089139/GlobalFloodExposure/NER/FloodPop_NER_1739.tif
FloodPop_NER_1740.tif,https://datacatalogfiles.worldbank.org/ddh-published/0062763/2/DR0089139/GlobalFloodExposure/NER/FloodPop_NER_1740.tif
FloodPop_NGA_1678.tif,https://datacatalogfiles.worldbank.org/ddh-published/0062763/2/DR0089139/GlobalFloodExposure/NGA/FloodPop_NGA_1678.tif
FloodPop_NGA_1679.tif,https://datacatalogfiles.worldbank.org/ddh-published/0062763/2/DR0089139/GlobalFloodExposure/NGA/FloodPop_NGA_1679.tif
FloodPop_NGA_1680.tif,https://datacatalogfiles.worldbank.org/ddh-published/0062763/2/DR0089139/GlobalFloodExposure/NGA/FloodPop_NGA_1680.tif
FloodPop_NGA_1681.tif,https://datacatalogfiles.worldbank.org/ddh-published/0062763/2/DR0089139/GlobalFloodExposure/NGA/FloodPop_NGA_1681.tif
FloodPop_NGA_1682.tif,https://datacatalogfiles.worldbank.org/ddh-published/0062763/2/DR0089139/GlobalFloodExposure/NGA/FloodPop_NGA_1682.tif
FloodPop_NGA_1683.tif,https://datacatalogfiles.worldbank.org/ddh-published/0062763/2/DR0089139/GlobalFloodExposure/NGA/FloodPop_NGA_1683.tif
FloodPop_NGA_1684.tif,https://datacatalogfiles.worldbank.org/ddh-published/0062763/2/DR0089139/GlobalFloodExposure/NGA/FloodPop_NGA_1684.tif
FloodPop_NGA_1685.tif,https://datacatalogfiles.worldbank.org/ddh-published/0062763/2/DR0089139/GlobalFloodExposure/NGA/FloodPop_NGA_1685.tif
FloodPop_NGA_1686.tif,https://datacatalogfiles.worldbank.org/ddh-published/0062763/2/DR0089139/GlobalFloodExposure/NGA/FloodPop_NGA_1686.tif
FloodPop_NGA_1687.tif,https://datacatalogfiles.worldbank.org/ddh-published/0062763/2/DR0089139/GlobalFloodExposure/NGA/FloodPop_NGA_1687.tif
FloodPop_NGA_1688.tif,https://datacatalogfiles.worldbank.org/ddh-published/0062763/2/DR0089139/GlobalFloodExposure/NGA/FloodPop_NGA_1688.tif
FloodPop_NGA_1689.tif,https://datacatalogfiles.worldbank.org/ddh-published/0062763/2/DR0089139/GlobalFloodExposure/NGA/FloodPop_NGA_1689.tif
FloodPop_NGA_1690.tif,https://datacatalogfiles.worldbank.org/ddh-published/0062763/2/DR0089139/GlobalFloodExposure/NGA/FloodPop_NGA_1690.tif
FloodPop_NGA_1691.tif,https://datacatalogfiles.worldbank.org/ddh-published/0062763/2/DR0089139/GlobalFloodExposure/NGA/FloodPop_NGA_1691.tif
FloodPop_NGA_1692.tif,https://datacatalogfiles.worldbank.org/ddh-published/0062763/2/DR0089139/GlobalFloodExposure/NGA/FloodPop_NGA_1692.tif
FloodPop_NGA_1693.tif,https://datacatalogfiles.worldbank.org/ddh-published/0062763/2/DR0089139/GlobalFloodExposure/NGA/FloodPop_NGA_1693.tif
FloodPop_NGA_1694.tif,https://datacatalogfiles.worldbank.org/ddh-published/0062763/2/DR0089139/GlobalFloodExposure/NGA/FloodPop_NGA_1694.tif
FloodPop_NGA_1695.tif,https://datacatalogfiles.worldbank.org/ddh-published/0062763/2/DR0089139/GlobalFloodExposure/NGA/FloodPop_NGA_1695.tif
FloodPop_NGA_1696.tif,https://datacatalogfiles.worldbank.org/ddh-published/0062763/2/DR0089139/GlobalFloodExposure/NGA/FloodPop_NGA_1696.tif
FloodPop_NGA_1697.tif,https://datacatalogfiles.worldbank.org/ddh-published/0062763/2/DR0089139/GlobalFloodExposure/NGA/FloodPop_NGA_1697.tif
FloodPop_NGA_1698.tif,https://datacatalogfiles.worldbank.org/ddh-published/0062763/2/DR0089139/GlobalFloodExposure/NGA/FloodPop_NGA_1698.tif
FloodPop_NGA_1699.tif,https://datacatalogfiles.worldbank.org/ddh-published/0062763/2/DR0089139/GlobalFloodExposure/NGA/FloodPop_NGA_1699.tif
FloodPop_NGA_1700.tif,https://datacatalogfiles.worldbank.org/ddh-published/0062763/2/DR0089139/GlobalFloodExposure/NGA/FloodPop_NGA_1700.tif
FloodPop_NGA_1701.tif,https://datacatalogfiles.worldbank.org/ddh-published/0062763/2/DR0089139/GlobalFloodExposure/NGA/FloodPop_NGA_1701.tif
FloodPop_NGA_1702.tif,https://datacatalogfiles.worldbank.org/ddh-published/0062763/2/DR0089139/GlobalFloodExposure/NGA/FloodPop_NGA_1702.tif
FloodPop_NGA_1703.tif,https://datacatalogfiles.worldbank.org/ddh-published/0062763/2/DR0089139/GlobalFloodExposure/NGA/FloodPop_NGA_1703.tif
FloodPop_NGA_1704.tif,https://datacatalogfiles.worldbank.org/ddh-published/0062763/2/DR0089139/GlobalFloodExposure/NGA/FloodPop_NGA_1704.tif
FloodPop_NGA_1705.tif,https://datacatalogfiles.worldbank.org/ddh-published/0062763/2/DR0089139/GlobalFloodExposure/NGA/FloodPop_NGA_1705.tif
FloodPop_NGA_1706.tif,https://datacatalogfiles.worldbank.org/ddh-published/0062763/2/DR0089139/GlobalFloodExposure/NGA/FloodPop_NGA_1706.tif
FloodPop_NGA_1707.tif,https://datacatalogfiles.worldbank.org/ddh-published/0062763/2/DR0089139/GlobalFloodExposure/NGA/FloodPop_NGA_1707.tif
FloodPop_NGA_1708.tif,https://datacatalogfiles.worldbank.org/ddh-published/0062763/2/DR0089139/GlobalFloodExposure/NGA/FloodPop_NGA_1708.tif
FloodPop_NGA_1709.tif,https://datacatalogfiles.worldbank.org/ddh-published/0062763/2/DR0089139/GlobalFloodExposure/NGA/FloodPop_NGA_1709.tif
FloodPop_NGA_1710.tif,https://datacatalogfiles.worldbank.org/ddh-published/0062763/2/DR0089139/GlobalFloodExposure/NGA/FloodPop_NGA_1710.tif
FloodPop_NGA_1711.tif,https://datacatalogfiles.worldbank.org/ddh-published/0062763/2/DR0089139/GlobalFloodExposure/NGA/FloodPop_NGA_1711.tif
FloodPop_NGA_1712.tif,https://datacatalogfiles.worldbank.org/ddh-published/0062763/2/DR0089139/GlobalFloodExposure/NGA/FloodPop_NGA_1712.tif
FloodPop_NGA_1713.tif,https://datacatalogfiles.worldbank.org/ddh-published/0062763/2/DR0089139/GlobalFloodExposure/NGA/FloodPop_NGA_1713.tif
FloodPop_NGA_1714.tif,https://datacatalogfiles.worldbank.org/ddh-published/0062763/2/DR0089139/GlobalFloodExposure/NGA/FloodPop_NGA_1714.tif
FloodPop_NIC_1233.tif,https://datacatalogfiles.worldbank.org/ddh-published/0062763/2/DR0089139/GlobalFloodExposure/NIC/FloodPop_NIC_1233.tif
FloodPop_NIC_1234.tif,https://datacatalogfiles.worldbank.org/ddh-published/0062763/2/DR0089139/GlobalFloodExposure/NIC/FloodPop_NIC_1234.tif
FloodPop_NIC_1235.tif,https://datacatalogfiles.worldbank.org/ddh-published/0062763/2/DR0089139/GlobalFloodExposure/NIC/FloodPop_NIC_1235.tif
FloodPop_NIC_1236.tif,https://datacatalogfiles.worldbank.org/ddh-published/0062763/2/DR0089139/GlobalFloodExposure/NIC/FloodPop_NIC_1236.tif
FloodPop_NLD_882.tif,https://datacatalogfiles.worldbank.org/ddh-published/0062763/2/DR0089139/GlobalFloodExposure/NLD/FloodPop_NLD_882.tif
FloodPop_NOR_970.tif,https://datacatalogfiles.worldbank.org/ddh-published/0062763/2/DR0089139/GlobalFloodExposure/NOR/FloodPop_NOR_970.tif
FloodPop_NPL_1125.tif,https://datacatalogfiles.worldbank.org/ddh-published/0062763/2/DR0089139/GlobalFloodExposure/NPL/FloodPop_NPL_1125.tif
FloodPop_NPL_1126.tif,https://datacatalogfiles.worldbank.org/ddh-published/0062763/2/DR0089139/GlobalFloodExposure/NPL/FloodPop_NPL_1126.tif
FloodPop_NPL_1127.tif,https://datacatalogfiles.worldbank.org/ddh-published/0062763/2/DR0089139/GlobalFloodExposure/NPL/FloodPop_NPL_1127.tif
FloodPop_NPL_1128.tif,https://datacatalogfiles.worldbank.org/ddh-published/0062763/2/DR0089139/GlobalFloodExposure/NPL/FloodPop_NPL_1128.tif
FloodPop_NPL_1129.tif,https://datacatalogfiles.worldbank.org/ddh-published/0062763/2/DR0089139/GlobalFloodExposure/NPL/FloodPop_NPL_1129.tif
FloodPop_NZL_1994.tif,https://datacatalogfiles.worldbank.org/ddh-published/0062763/2/DR0089139/GlobalFloodExposure/NZL/FloodPop_NZL_1994.tif
FloodPop_NZL_1995.tif,https://datacatalogfiles.worldbank.org/ddh-published/0062763/2/DR0089139/GlobalFloodExposure/NZL/FloodPop_NZL_1995.tif
FloodPop_NZL_1996.tif,https://datacatalogfiles.worldbank.org/ddh-published/0062763/2/DR0089139/GlobalFloodExposure/NZL/FloodPop_NZL_1996.tif
FloodPop_NZL_1997.tif,https://datacatalogfiles.worldbank.org/ddh-published/0062763/2/DR0089139/GlobalFloodExposure/NZL/FloodPop_NZL_1997.tif
FloodPop_NZL_1998.tif,https://datacatalogfiles.worldbank.org/ddh-published/0062763/2/DR0089139/GlobalFloodExposure/NZL/FloodPop_NZL_1998.tif
FloodPop_NZL_1999.tif,https://datacatalogfiles.worldbank.org/ddh-published/0062763/2/DR0089139/GlobalFloodExposure/NZL/FloodPop_NZL_1999.tif
FloodPop_NZL_2000.tif,https://datacatalogfiles.worldbank.org/ddh-published/0062763/2/DR0089139/GlobalFloodExposure/NZL/FloodPop_NZL_2000.tif
FloodPop_NZL_2001.tif,https://datacatalogfiles.worldbank.org/ddh-published/0062763/2/DR0089139/GlobalFloodExposure/NZL/FloodPop_NZL_2001.tif
FloodPop_NZL_2002.tif,https://datacatalogfiles.worldbank.org/ddh-published/0062763/2/DR0089139/GlobalFloodExposure/NZL/FloodPop_NZL_2002.tif
FloodPop_NZL_2003.tif,https://datacatalogfiles.worldbank.org/ddh-published/0062763/2/DR0089139/GlobalFloodExposure/NZL/FloodPop_NZL_2003.tif
FloodPop_NZL_2004.tif,https://datacatalogfiles.worldbank.org/ddh-published/0062763/2/DR0089139/GlobalFloodExposure/NZL/FloodPop_NZL_2004.tif
FloodPop_NZL_2005.tif,https://datacatalogfiles.worldbank.org/ddh-published/0062763/2/DR0089139/GlobalFloodExposure/NZL/FloodPop_NZL_2005.tif
FloodPop_NZL_2037.tif,https://datacatalogfiles.worldbank.org/ddh-published/0062763/2/DR0089139/GlobalFloodExposure/NZL/FloodPop_NZL_2037.tif
FloodPop_NZL_2038.tif,https://datacatalogfiles.worldbank.org/ddh-published/0062763/2/DR0089139/GlobalFloodExposure/NZL/FloodPop_NZL_2038.tif
FloodPop_OMN_2204.tif,https://datacatalogfiles.worldbank.org/ddh-published/0062763/2/DR0089139/GlobalFloodExposure/OMN/FloodPop_OMN_2204.tif
FloodPop_OMN_2205.tif,https://datacatalogfiles.worldbank.org/ddh-published/0062763/2/DR0089139/GlobalFloodExposure/OMN/FloodPop_OMN_2205.tif
FloodPop_OMN_2206.tif,https://datacatalogfiles.worldbank.org/ddh-published/0062763/2/DR0089139/GlobalFloodExposure/OMN/FloodPop_OMN_2206.tif
FloodPop_OMN_2207.tif,https://datacatalogfiles.worldbank.org/ddh-published/0062763/2/DR0089139/GlobalFloodExposure/OMN/FloodPop_OMN_2207.tif
FloodPop_OMN_2208.tif,https://datacatalogfiles.worldbank.org/ddh-published/0062763/2/DR0089139/GlobalFloodExposure/OMN/FloodPop_OMN_2208.tif
FloodPop_OMN_2209.tif,https://datacatalogfiles.worldbank.org/ddh-published/0062763/2/DR0089139/GlobalFloodExposure/OMN/FloodPop_OMN_2209.tif
FloodPop_OMN_2210.tif,https://datacatalogfiles.worldbank.org/ddh-published/0062763/2/DR0089139/GlobalFloodExposure/OMN/FloodPop_OMN_2210.tif
FloodPop_OMN_2211.tif,https://datacatalogfiles.worldbank.org/ddh-published/0062763/2/DR0089139/GlobalFloodExposure/OMN/FloodPop_OMN_2211.tif
FloodPop_OMN_2212.tif,https://datacatalogfiles.worldbank.org/ddh-published/0062763/2/DR0089139/GlobalFloodExposure/OMN/FloodPop_OMN_2212.tif
FloodPop_PAK_1130.tif,https://datacatalogfiles.worldbank.org/ddh-published/0062763/2/DR0089139/GlobalFloodExposure/PAK/FloodPop_PAK_1130.tif
FloodPop_PAK_1131.tif,https://datacatalogfiles.worldbank.org/ddh-published/0062763/2/DR0089139/GlobalFloodExposure/PAK/FloodPop_PAK_1131.tif
FloodPop_PAK_1132.tif,https://datacatalogfiles.worldbank.org/ddh-published/0062763/2/DR0089139/GlobalFloodExposure/PAK/FloodPop_PAK_1132.tif
FloodPop_PAK_1133.tif,https://datacatalogfiles.worldbank.org/ddh-published/0062763/2/DR0089139/GlobalFloodExposure/PAK/FloodPop_PAK_1133.tif
FloodPop_PAK_1988.tif,https://datacatalogfiles.worldbank.org/ddh-published/0062763/2/DR0089139/GlobalFloodExposure/PAK/FloodPop_PAK_1988.tif
FloodPop_PAK_1989.tif,https://datacatalogfiles.worldbank.org/ddh-published/0062763/2/DR0089139/GlobalFloodExposure/PAK/FloodPop_PAK_1989.tif
FloodPop_PAK_1990.tif,https://datacatalogfiles.worldbank.org/ddh-published/0062763/2/DR0089139/GlobalFloodExposure/PAK/FloodPop_PAK_1990.tif
FloodPop_PAK_1991.tif,https://datacatalogfiles.worldbank.org/ddh-published/0062763/2/DR0089139/GlobalFloodExposure/PAK/FloodPop_PAK_1991.tif
FloodPop_PAN_1237.tif,https://datacatalogfiles.worldbank.org/ddh-published/0062763/2/DR0089139/GlobalFloodExposure/PAN/FloodPop_PAN_1237.tif
FloodPop_PAN_1252.tif,https://datacatalogfiles.worldbank.org/ddh-published/0062763/2/DR0089139/GlobalFloodExposure/PAN/FloodPop_PAN_1252.tif
FloodPop_PAN_1253.tif,https://datacatalogfiles.worldbank.org/ddh-published/0062763/2/DR0089139/GlobalFloodExposure/PAN/FloodPop_PAN_1253.tif
FloodPop_PAN_1254.tif,https://datacatalogfiles.worldbank.org/ddh-published/0062763/2/DR0089139/GlobalFloodExposure/PAN/FloodPop_PAN_1254.tif
FloodPop_PAN_1255.tif,https://datacatalogfiles.worldbank.org/ddh-published/0062763/2/DR0089139/GlobalFloodExposure/PAN/FloodPop_PAN_1255.tif
FloodPop_PAN_1256.tif,https://datacatalogfiles.worldbank.org/ddh-published/0062763/2/DR0089139/GlobalFloodExposure/PAN/FloodPop_PAN_1256.tif
FloodPop_PAN_1257.tif,https://datacatalogfiles.worldbank.org/ddh-published/0062763/2/DR0089139/GlobalFloodExposure/PAN/FloodPop_PAN_1257.tif
FloodPop_PAN_1258.tif,https://datacatalogfiles.worldbank.org/ddh-published/0062763/2/DR0089139/GlobalFloodExposure/PAN/FloodPop_PAN_1258.tif
FloodPop_PAN_1259.tif,https://datacatalogfiles.worldbank.org/ddh-published/0062763/2/DR0089139/GlobalFloodExposure/PAN/FloodPop_PAN_1259.tif
FloodPop_PAN_1260.tif,https://datacatalogfiles.worldbank.org/ddh-published/0062763/2/DR0089139/GlobalFloodExposure/PAN/FloodPop_PAN_1260.tif
FloodPop_PAN_1261.tif,https://datacatalogfiles.worldbank.org/ddh-published/0062763/2/DR0089139/GlobalFloodExposure/PAN/FloodPop_PAN_1261.tif
FloodPop_PAN_1262.tif,https://datacatalogfiles.worldbank.org/ddh-published/0062763/2/DR0089139/GlobalFloodExposure/PAN/FloodPop_PAN_1262.tif
FloodPop_PAN_1263.tif,https://datacatalogfiles.worldbank.org/ddh-published/0062763/2/DR0089139/GlobalFloodExposure/PAN/FloodPop_PAN_1263.tif
FloodPop_PER_1356.tif,https://datacatalogfiles.worldbank.org/ddh-published/0062763/2/DR0089139/GlobalFloodExposure/PER/FloodPop_PER_1356.tif
FloodPop_PER_1357.tif,https://datacatalogfiles.worldbank.org/ddh-published/0062763/2/DR0089139/GlobalFloodExposure/PER/FloodPop_PER_1357.tif
FloodPop_PER_1358.tif,https://datacatalogfiles.worldbank.org/ddh-published/0062763/2/DR0089139/GlobalFloodExposure/PER/FloodPop_PER_1358.tif
FloodPop_PER_1359.tif,https://datacatalogfiles.worldbank.org/ddh-published/0062763/2/DR0089139/GlobalFloodExposure/PER/FloodPop_PER_1359.tif
FloodPop_PER_1360.tif,https://datacatalogfiles.worldbank.org/ddh-published/0062763/2/DR0089139/GlobalFloodExposure/PER/FloodPop_PER_1360.tif
FloodPop_PER_1361.tif,https://datacatalogfiles.worldbank.org/ddh-published/0062763/2/DR0089139/GlobalFloodExposure/PER/FloodPop_PER_1361.tif
FloodPop_PER_1362.tif,https://datacatalogfiles.worldbank.org/ddh-published/0062763/2/DR0089139/GlobalFloodExposure/PER/FloodPop_PER_1362.tif
FloodPop_PER_1363.tif,https://datacatalogfiles.worldbank.org/ddh-published/0062763/2/DR0089139/GlobalFloodExposure/PER/FloodPop_PER_1363.tif
FloodPop_PER_1364.tif,https://datacatalogfiles.worldbank.org/ddh-published/0062763/2/DR0089139/GlobalFloodExposure/PER/FloodPop_PER_1364.tif
FloodPop_PER_1365.tif,https://datacatalogfiles.worldbank.org/ddh-published/0062763/2/DR0089139/GlobalFloodExposure/PER/FloodPop_PER_1365.tif
FloodPop_PER_1366.tif,https://datacatalogfiles.worldbank.org/ddh-published/0062763/2/DR0089139/GlobalFloodExposure/PER/FloodPop_PER_1366.tif
FloodPop_PER_1367.tif,https://datacatalogfiles.worldbank.org/ddh-published/0062763/2/DR0089139/GlobalFloodExposure/PER/FloodPop_PER_1367.tif
FloodPop_PER_1368.tif,https://datacatalogfiles.worldbank.org/ddh-published/0062763/2/DR0089139/GlobalFloodExposure/PER/FloodPop_PER_1368.tif
FloodPop_PER_1369.tif,https://datacatalogfiles.worldbank.org/ddh-published/0062763/2/DR0089139/GlobalFloodExposure/PER/FloodPop_PER_1369.tif
FloodPop_PER_1370.tif,https://datacatalogfiles.worldbank.org/ddh-published/0062763/2/DR0089139/GlobalFloodExposure/PER/FloodPop_PER_1370.tif
FloodPop_PER_1371.tif,https://datacatalogfiles.worldbank.org/ddh-published/0062763/2/DR0089139/GlobalFloodExposure/PER/FloodPop_PER_1371.tif
FloodPop_PER_1372.tif,https://datacatalogfiles.worldbank.org/ddh-published/0062763/2/DR0089139/GlobalFloodExposure/PER/FloodPop_PER_1372.tif
FloodPop_PER_1373.tif,https://datacatalogfiles.worldbank.org/ddh-published/0062763/2/DR0089139/GlobalFloodExposure/PER/FloodPop_PER_1373.tif
FloodPop_PER_1374.tif,https://datacatalogfiles.worldbank.org/ddh-published/0062763/2/DR0089139/GlobalFloodExposure/PER/FloodPop_PER_1374.tif
FloodPop_PER_1375.tif,https://datacatalogfiles.worldbank.org/ddh-published/0062763/2/DR0089139/GlobalFloodExposure/PER/FloodPop_PER_1375.tif
FloodPop_PER_1376.tif,https://datacatalogfiles.worldbank.org/ddh-published/0062763/2/DR0089139/GlobalFloodExposure/PER/FloodPop_PER_1376.tif
FloodPop_PER_1377.tif,https://datacatalogfiles.worldbank.org/ddh-published/0062763/2/DR0089139/GlobalFloodExposure/PER/FloodPop_PER_1377.tif
FloodPop_PER_1378.tif,https://datacatalogfiles.worldbank.org/ddh-published/0062763/2/DR0089139/GlobalFloodExposure/PER/FloodPop_PER_1378.tif
FloodPop_PER_1379.tif,https://datacatalogfiles.worldbank.org/ddh-published/0062763/2/DR0089139/GlobalFloodExposure/PER/FloodPop_PER_1379.tif
FloodPop_PER_1380.tif,https://datacatalogfiles.worldbank.org/ddh-published/0062763/2/DR0089139/GlobalFloodExposure/PER/FloodPop_PER_1380.tif
FloodPop_PHL_1144.tif,https://datacatalogfiles.worldbank.org/ddh-published/0062763/2/DR0089139/GlobalFloodExposure/PHL/FloodPop_PHL_1144.tif
FloodPop_PHL_1145.tif,https://datacatalogfiles.worldbank.org/ddh-published/0062763/2/DR0089139/GlobalFloodExposure/PHL/FloodPop_PHL_1145.tif
FloodPop_PHL_1146.tif,https://datacatalogfiles.worldbank.org/ddh-published/0062763/2/DR0089139/GlobalFloodExposure/PHL/FloodPop_PHL_1146.tif
FloodPop_PHL_1147.tif,https://datacatalogfiles.worldbank.org/ddh-published/0062763/2/DR0089139/GlobalFloodExposure/PHL/FloodPop_PHL_1147.tif
FloodPop_PHL_1148.tif,https://datacatalogfiles.worldbank.org/ddh-published/0062763/2/DR0089139/GlobalFloodExposure/PHL/FloodPop_PHL_1148.tif
FloodPop_PHL_1149.tif,https://datacatalogfiles.worldbank.org/ddh-published/0062763/2/DR0089139/GlobalFloodExposure/PHL/FloodPop_PHL_1149.tif
FloodPop_PHL_1150.tif,https://datacatalogfiles.worldbank.org/ddh-published/0062763/2/DR0089139/GlobalFloodExposure/PHL/FloodPop_PHL_1150.tif
FloodPop_PHL_1151.tif,https://datacatalogfiles.worldbank.org/ddh-published/0062763/2/DR0089139/GlobalFloodExposure/PHL/FloodPop_PHL_1151.tif
FloodPop_PHL_1152.tif,https://datacatalogfiles.worldbank.org/ddh-published/0062763/2/DR0089139/GlobalFloodExposure/PHL/FloodPop_PHL_1152.tif
FloodPop_PHL_1153.tif,https://datacatalogfiles.worldbank.org/ddh-published/0062763/2/DR0089139/GlobalFloodExposure/PHL/FloodPop_PHL_1153.tif
FloodPop_PHL_1154.tif,https://datacatalogfiles.worldbank.org/ddh-published/0062763/2/DR0089139/GlobalFloodExposure/PHL/FloodPop_PHL_1154.tif
FloodPop_PHL_1155.tif,https://datacatalogfiles.worldbank.org/ddh-published/0062763/2/DR0089139/GlobalFloodExposure/PHL/FloodPop_PHL_1155.tif
FloodPop_PHL_1156.tif,https://datacatalogfiles.worldbank.org/ddh-published/0062763/2/DR0089139/GlobalFloodExposure/PHL/FloodPop_PHL_1156.tif
FloodPop_PHL_1157.tif,https://datacatalogfiles.worldbank.org/ddh-published/0062763/2/DR0089139/GlobalFloodExposure/PHL/FloodPop_PHL_1157.tif
FloodPop_PHL_1158.tif,https://datacatalogfiles.worldbank.org/ddh-published/0062763/2/DR0089139/GlobalFloodExposure/PHL/FloodPop_PHL_1158.tif
FloodPop_PHL_1159.tif,https://datacatalogfiles.worldbank.org/ddh-published/0062763/2/DR0089139/GlobalFloodExposure/PHL/FloodPop_PHL_1159.tif
FloodPop_PHL_1160.tif,https://datacatalogfiles.worldbank.org/ddh-published/0062763/2/DR0089139/GlobalFloodExposure/PHL/FloodPop_PHL_1160.tif
FloodPop_PLW_2035.tif,https://datacatalogfiles.worldbank.org/ddh-published/0062763/2/DR0089139/GlobalFloodExposure/PLW/FloodPop_PLW_2035.tif
FloodPop_PNG_115.tif,https://datacatalogfiles.worldbank.org/ddh-published/0062763/2/DR0089139/GlobalFloodExposure/PNG/FloodPop_PNG_115.tif
FloodPop_PNG_116.tif,https://datacatalogfiles.worldbank.org/ddh-published/0062763/2/DR0089139/GlobalFloodExposure/PNG/FloodPop_PNG_116.tif
FloodPop_PNG_117.tif,https://datacatalogfiles.worldbank.org/ddh-published/0062763/2/DR0089139/GlobalFloodExposure/PNG/FloodPop_PNG_117.tif
FloodPop_PNG_118.tif,https://datacatalogfiles.worldbank.org/ddh-published/0062763/2/DR0089139/GlobalFloodExposure/PNG/FloodPop_PNG_118.tif
FloodPop_PNG_119.tif,https://datacatalogfiles.worldbank.org/ddh-published/0062763/2/DR0089139/GlobalFloodExposure/PNG/FloodPop_PNG_119.tif
FloodPop_PRI_2104.tif,https://datacatalogfiles.worldbank.org/ddh-published/0062763/2/DR0089139/GlobalFloodExposure/PRI/FloodPop_PRI_2104.tif
FloodPop_PRI_2105.tif,https://datacatalogfiles.worldbank.org/ddh-published/0062763/2/DR0089139/GlobalFloodExposure/PRI/FloodPop_PRI_2105.tif
FloodPop_PRI_2106.tif,https://datacatalogfiles.worldbank.org/ddh-published/0062763/2/DR0089139/GlobalFloodExposure/PRI/FloodPop_PRI_2106.tif
FloodPop_PRI_2107.tif,https://datacatalogfiles.worldbank.org/ddh-published/0062763/2/DR0089139/GlobalFloodExposure/PRI/FloodPop_PRI_2107.tif
FloodPop_PRI_2108.tif,https://datacatalogfiles.worldbank.org/ddh-published/0062763/2/DR0089139/GlobalFloodExposure/PRI/FloodPop_PRI_2108.tif
FloodPop_PRI_2109.tif,https://datacatalogfiles.worldbank.org/ddh-published/0062763/2/DR0089139/GlobalFloodExposure/PRI/FloodPop_PRI_2109.tif
FloodPop_PRI_2110.tif,https://datacatalogfiles.worldbank.org/ddh-published/0062763/2/DR0089139/GlobalFloodExposure/PRI/FloodPop_PRI_2110.tif
FloodPop_PRI_2111.tif,https://datacatalogfiles.worldbank.org/ddh-published/0062763/2/DR0089139/GlobalFloodExposure/PRI/FloodPop_PRI_2111.tif
FloodPop_PRK_2007.tif,https://datacatalogfiles.worldbank.org/ddh-published/0062763/2/DR0089139/GlobalFloodExposure/PRK/FloodPop_PRK_2007.tif
FloodPop_PRK_2008.tif,https://datacatalogfiles.worldbank.org/ddh-published/0062763/2/DR0089139/GlobalFloodExposure/PRK/FloodPop_PRK_2008.tif
FloodPop_PRK_2009.tif,https://datacatalogfiles.worldbank.org/ddh-published/0062763/2/DR0089139/GlobalFloodExposure/PRK/FloodPop_PRK_2009.tif
FloodPop_PRK_2010.tif,https://datacatalogfiles.worldbank.org/ddh-published/0062763/2/DR0089139/GlobalFloodExposure/PRK/FloodPop_PRK_2010.tif
FloodPop_PRK_2011.tif,https://datacatalogfiles.worldbank.org/ddh-published/0062763/2/DR0089139/GlobalFloodExposure/PRK/FloodPop_PRK_2011.tif
FloodPop_PRK_2012.tif,https://datacatalogfiles.worldbank.org/ddh-published/0062763/2/DR0089139/GlobalFloodExposure/PRK/FloodPop_PRK_2012.tif
FloodPop_PRK_2013.tif,https://datacatalogfiles.worldbank.org/ddh-published/0062763/2/DR0089139/GlobalFloodExposure/PRK/FloodPop_PRK_2013.tif
FloodPop_PRK_2014.tif,https://datacatalogfiles.worldbank.org/ddh-published/0062763/2/DR0089139/GlobalFloodExposure/PRK/FloodPop_PRK_2014.tif
FloodPop_PRK_2015.tif,https://datacatalogfiles.worldbank.org/ddh-published/0062763/2/DR0089139/GlobalFloodExposure/PRK/FloodPop_PRK_2015.tif
FloodPop_PRK_2016.tif,https://datacatalogfiles.worldbank.org/ddh-published/0062763/2/DR0089139/GlobalFloodExposure/PRK/FloodPop_PRK_2016.tif
FloodPop_PRK_2017.tif,https://datacatalogfiles.worldbank.org/ddh-published/0062763/2/DR0089139/GlobalFloodExposure/PRK/FloodPop_PRK_2017.tif
FloodPop_PRT_881.tif,https://datacatalogfiles.worldbank.org/ddh-published/0062763/2/DR0089139/GlobalFloodExposure/PRT/FloodPop_PRT_881.tif
FloodPop_PRY_744.tif,https://datacatalogfiles.worldbank.org/ddh-published/0062763/2/DR0089139/GlobalFloodExposure/PRY/FloodPop_PRY_744.tif
FloodPop_PRY_745.tif,https://datacatalogfiles.worldbank.org/ddh-published/0062763/2/DR0089139/GlobalFloodExposure/PRY/FloodPop_PRY_745.tif
FloodPop_PRY_746.tif,https://datacatalogfiles.worldbank.org/ddh-published/0062763/2/DR0089139/GlobalFloodExposure/PRY/FloodPop_PRY_746.tif
FloodPop_PRY_747.tif,https://datacatalogfiles.worldbank.org/ddh-published/0062763/2/DR0089139/GlobalFloodExposure/PRY/FloodPop_PRY_747.tif
FloodPop_PRY_748.tif,https://datacatalogfiles.worldbank.org/ddh-published/0062763/2/DR0089139/GlobalFloodExposure/PRY/FloodPop_PRY_748.tif
FloodPop_PRY_749.tif,https://datacatalogfiles.worldbank.org/ddh-published/0062763/2/DR0089139/GlobalFloodExposure/PRY/FloodPop_PRY_749.tif
FloodPop_PRY_750.tif,https://datacatalogfiles.worldbank.org/ddh-published/0062763/2/DR0089139/GlobalFloodExposure/PRY/FloodPop_PRY_750.tif
FloodPop_PRY_751.tif,https://datacatalogfiles.worldbank.org/ddh-published/0062763/2/DR0089139/GlobalFloodExposure/PRY/FloodPop_PRY_751.tif
FloodPop_ROU_873.tif,https://datacatalogfiles.worldbank.org/ddh-published/0062763/2/DR0089139/GlobalFloodExposure/ROU/FloodPop_ROU_873.tif
FloodPop_ROU_874.tif,https://datacatalogfiles.worldbank.org/ddh-published/0062763/2/DR0089139/GlobalFloodExposure/ROU/FloodPop_ROU_874.tif
FloodPop_ROU_875.tif,https://datacatalogfiles.worldbank.org/ddh-published/0062763/2/DR0089139/GlobalFloodExposure/ROU/FloodPop_ROU_875.tif
FloodPop_ROU_876.tif,https://datacatalogfiles.worldbank.org/ddh-published/0062763/2/DR0089139/GlobalFloodExposure/ROU/FloodPop_ROU_876.tif
FloodPop_RUS_0.tif,https://datacatalogfiles.worldbank.org/ddh-published/0062763/2/DR0089139/GlobalFloodExposure/RUS/FloodPop_RUS_0.tif
FloodPop_RUS_1.tif,https://datacatalogfiles.worldbank.org/ddh-published/0062763/2/DR0089139/GlobalFloodExposure/RUS/FloodPop_RUS_1.tif
FloodPop_RUS_10.tif,https://datacatalogfiles.worldbank.org/ddh-published/0062763/2/DR0089139/GlobalFloodExposure/RUS/FloodPop_RUS_10.tif
FloodPop_RUS_11.tif,https://datacatalogfiles.worldbank.org/ddh-published/0062763/2/DR0089139/GlobalFloodExposure/RUS/FloodPop_RUS_11.tif
FloodPop_RUS_12.tif,https://datacatalogfiles.worldbank.org/ddh-published/0062763/2/DR0089139/GlobalFloodExposure/RUS/FloodPop_RUS_12.tif
FloodPop_RUS_13.tif,https://datacatalogfiles.worldbank.org/ddh-published/0062763/2/DR0089139/GlobalFloodExposure/RUS/FloodPop_RUS_13.tif
FloodPop_RUS_14.tif,https://datacatalogfiles.worldbank.org/ddh-published/0062763/2/DR0089139/GlobalFloodExposure/RUS/FloodPop_RUS_14.tif
FloodPop_RUS_15.tif,https://datacatalogfiles.worldbank.org/ddh-published/0062763/2/DR0089139/GlobalFloodExposure/RUS/FloodPop_RUS_15.tif
FloodPop_RUS_16.tif,https://datacatalogfiles.worldbank.org/ddh-published/0062763/2/DR0089139/GlobalFloodExposure/RUS/FloodPop_RUS_16.tif
FloodPop_RUS_17.tif,https://datacatalogfiles.worldbank.org/ddh-published/0062763/2/DR0089139/GlobalFloodExposure/RUS/FloodPop_RUS_17.tif
FloodPop_RUS_18.tif,https://datacatalogfiles.worldbank.org/ddh-published/0062763/2/DR0089139/GlobalFloodExposure/RUS/FloodPop_RUS_18.tif
FloodPop_RUS_19.tif,https://datacatalogfiles.worldbank.org/ddh-published/0062763/2/DR0089139/GlobalFloodExposure/RUS/FloodPop_RUS_19.tif
FloodPop_RUS_2.tif,https://datacatalogfiles.worldbank.org/ddh-published/0062763/2/DR0089139/GlobalFloodExposure/RUS/FloodPop_RUS_2.tif
FloodPop_RUS_20.tif,https://datacatalogfiles.worldbank.org/ddh-published/0062763/2/DR0089139/GlobalFloodExposure/RUS/FloodPop_RUS_20.tif
FloodPop_RUS_21.tif,https://datacatalogfiles.worldbank.org/ddh-published/0062763/2/DR0089139/GlobalFloodExposure/RUS/FloodPop_RUS_21.tif
FloodPop_RUS_22.tif,https://datacatalogfiles.worldbank.org/ddh-published/0062763/2/DR0089139/GlobalFloodExposure/RUS/FloodPop_RUS_22.tif
FloodPop_RUS_23.tif,https://datacatalogfiles.worldbank.org/ddh-published/0062763/2/DR0089139/GlobalFloodExposure/RUS/FloodPop_RUS_23.tif
FloodPop_RUS_24.tif,https://datacatalogfiles.worldbank.org/ddh-published/0062763/2/DR0089139/GlobalFloodExposure/RUS/FloodPop_RUS_24.tif
FloodPop_RUS_26.tif,https://datacatalogfiles.worldbank.org/ddh-published/0062763/2/DR0089139/GlobalFloodExposure/RUS/FloodPop_RUS_26.tif
FloodPop_RUS_27.tif,https://datacatalogfiles.worldbank.org/ddh-published/0062763/2/DR0089139/GlobalFloodExposure/RUS/FloodPop_RUS_27.tif
FloodPop_RUS_28.tif,https://datacatalogfiles.worldbank.org/ddh-published/0062763/2/DR0089139/GlobalFloodExposure/RUS/FloodPop_RUS_28.tif
FloodPop_RUS_29.tif,https://datacatalogfiles.worldbank.org/ddh-published/0062763/2/DR0089139/GlobalFloodExposure/RUS/FloodPop_RUS_29.tif
FloodPop_RUS_3.tif,https://datacatalogfiles.worldbank.org/ddh-published/0062763/2/DR0089139/GlobalFloodExposure/RUS/FloodPop_RUS_3.tif
FloodPop_RUS_30.tif,https://datacatalogfiles.worldbank.org/ddh-published/0062763/2/DR0089139/GlobalFloodExposure/RUS/FloodPop_RUS_30.tif
FloodPop_RUS_31.tif,https://datacatalogfiles.worldbank.org/ddh-published/0062763/2/DR0089139/GlobalFloodExposure/RUS/FloodPop_RUS_31.tif
FloodPop_RUS_32.tif,https://datacatalogfiles.worldbank.org/ddh-published/0062763/2/DR0089139/GlobalFloodExposure/RUS/FloodPop_RUS_32.tif
FloodPop_RUS_33.tif,https://datacatalogfiles.worldbank.org/ddh-published/0062763/2/DR0089139/GlobalFloodExposure/RUS/FloodPop_RUS_33.tif
FloodPop_RUS_34.tif,https://datacatalogfiles.worldbank.org/ddh-published/0062763/2/DR0089139/GlobalFloodExposure/RUS/FloodPop_RUS_34.tif
FloodPop_RUS_35.tif,https://datacatalogfiles.worldbank.org/ddh-published/0062763/2/DR0089139/GlobalFloodExposure/RUS/FloodPop_RUS_35.tif
FloodPop_RUS_36.tif,https://datacatalogfiles.worldbank.org/ddh-published/0062763/2/DR0089139/GlobalFloodExposure/RUS/FloodPop_RUS_36.tif
FloodPop_RUS_37.tif,https://datacatalogfiles.worldbank.org/ddh-published/0062763/2/DR0089139/GlobalFloodExposure/RUS/FloodPop_RUS_37.tif
FloodPop_RUS_38.tif,https://datacatalogfiles.worldbank.org/ddh-published/0062763/2/DR0089139/GlobalFloodExposure/RUS/FloodPop_RUS_38.tif
FloodPop_RUS_389.tif,https://datacatalogfiles.worldbank.org/ddh-published/0062763/2/DR0089139/GlobalFloodExposure/RUS/FloodPop_RUS_389.tif
FloodPop_RUS_39.tif,https://datacatalogfiles.worldbank.org/ddh-published/0062763/2/DR0089139/GlobalFloodExposure/RUS/FloodPop_RUS_39.tif
FloodPop_RUS_4.tif,https://datacatalogfiles.worldbank.org/ddh-published/0062763/2/DR0089139/GlobalFloodExposure/RUS/FloodPop_RUS_4.tif
FloodPop_RUS_40.tif,https://datacatalogfiles.worldbank.org/ddh-published/0062763/2/DR0089139/GlobalFloodExposure/RUS/FloodPop_RUS_40.tif
FloodPop_RUS_41.tif,https://datacatalogfiles.worldbank.org/ddh-published/0062763/2/DR0089139/GlobalFloodExposure/RUS/FloodPop_RUS_41.tif
FloodPop_RUS_42.tif,https://datacatalogfiles.worldbank.org/ddh-published/0062763/2/DR0089139/GlobalFloodExposure/RUS/FloodPop_RUS_42.tif
FloodPop_RUS_43.tif,https://datacatalogfiles.worldbank.org/ddh-published/0062763/2/DR0089139/GlobalFloodExposure/RUS/FloodPop_RUS_43.tif
FloodPop_RUS_44.tif,https://datacatalogfiles.worldbank.org/ddh-published/0062763/2/DR0089139/GlobalFloodExposure/RUS/FloodPop_RUS_44.tif
FloodPop_RUS_45.tif,https://datacatalogfiles.worldbank.org/ddh-published/0062763/2/DR0089139/GlobalFloodExposure/RUS/FloodPop_RUS_45.tif
FloodPop_RUS_46.tif,https://datacatalogfiles.worldbank.org/ddh-published/0062763/2/DR0089139/GlobalFloodExposure/RUS/FloodPop_RUS_46.tif
FloodPop_RUS_47.tif,https://datacatalogfiles.worldbank.org/ddh-published/0062763/2/DR0089139/GlobalFloodExposure/RUS/FloodPop_RUS_47.tif
FloodPop_RUS_48.tif,https://datacatalogfiles.worldbank.org/ddh-published/0062763/2/DR0089139/GlobalFloodExposure/RUS/FloodPop_RUS_48.tif
FloodPop_RUS_49.tif,https://datacatalogfiles.worldbank.org/ddh-published/0062763/2/DR0089139/GlobalFloodExposure/RUS/FloodPop_RUS_49.tif
FloodPop_RUS_5.tif,https://datacatalogfiles.worldbank.org/ddh-published/0062763/2/DR0089139/GlobalFloodExposure/RUS/FloodPop_RUS_5.tif
FloodPop_RUS_50.tif,https://datacatalogfiles.worldbank.org/ddh-published/0062763/2/DR0089139/GlobalFloodExposure/RUS/FloodPop_RUS_50.tif
FloodPop_RUS_51.tif,https://datacatalogfiles.worldbank.org/ddh-published/0062763/2/DR0089139/GlobalFloodExposure/RUS/FloodPop_RUS_51.tif
FloodPop_RUS_52.tif,https://datacatalogfiles.worldbank.org/ddh-published/0062763/2/DR0089139/GlobalFloodExposure/RUS/FloodPop_RUS_52.tif
FloodPop_RUS_53.tif,https://datacatalogfiles.worldbank.org/ddh-published/0062763/2/DR0089139/GlobalFloodExposure/RUS/FloodPop_RUS_53.tif
FloodPop_RUS_54.tif,https://datacatalogfiles.worldbank.org/ddh-published/0062763/2/DR0089139/GlobalFloodExposure/RUS/FloodPop_RUS_54.tif
FloodPop_RUS_55.tif,https://datacatalogfiles.worldbank.org/ddh-published/0062763/2/DR0089139/GlobalFloodExposure/RUS/FloodPop_RUS_55.tif
FloodPop_RUS_56.tif,https://datacatalogfiles.worldbank.org/ddh-published/0062763/2/DR0089139/GlobalFloodExposure/RUS/FloodPop_RUS_56.tif
FloodPop_RUS_57.tif,https://datacatalogfiles.worldbank.org/ddh-published/0062763/2/DR0089139/GlobalFloodExposure/RUS/FloodPop_RUS_57.tif
FloodPop_RUS_58.tif,https://datacatalogfiles.worldbank.org/ddh-published/0062763/2/DR0089139/GlobalFloodExposure/RUS/FloodPop_RUS_58.tif
FloodPop_RUS_59.tif,https://datacatalogfiles.worldbank.org/ddh-published/0062763/2/DR0089139/GlobalFloodExposure/RUS/FloodPop_RUS_59.tif
FloodPop_RUS_6.tif,https://datacatalogfiles.worldbank.org/ddh-published/0062763/2/DR0089139/GlobalFloodExposure/RUS/FloodPop_RUS_6.tif
FloodPop_RUS_60.tif,https://datacatalogfiles.worldbank.org/ddh-published/0062763/2/DR0089139/GlobalFloodExposure/RUS/FloodPop_RUS_60.tif
FloodPop_RUS_61.tif,https://datacatalogfiles.worldbank.org/ddh-published/0062763/2/DR0089139/GlobalFloodExposure/RUS/FloodPop_RUS_61.tif
FloodPop_RUS_62.tif,https://datacatalogfiles.worldbank.org/ddh-published/0062763/2/DR0089139/GlobalFloodExposure/RUS/FloodPop_RUS_62.tif
FloodPop_RUS_63.tif,https://datacatalogfiles.worldbank.org/ddh-published/0062763/2/DR0089139/GlobalFloodExposure/RUS/FloodPop_RUS_63.tif
FloodPop_RUS_64.tif,https://datacatalogfiles.worldbank.org/ddh-published/0062763/2/DR0089139/GlobalFloodExposure/RUS/FloodPop_RUS_64.tif
FloodPop_RUS_65.tif,https://datacatalogfiles.worldbank.org/ddh-published/0062763/2/DR0089139/GlobalFloodExposure/RUS/FloodPop_RUS_65.tif
FloodPop_RUS_66.tif,https://datacatalogfiles.worldbank.org/ddh-published/0062763/2/DR0089139/GlobalFloodExposure/RUS/FloodPop_RUS_66.tif
FloodPop_RUS_67.tif,https://datacatalogfiles.worldbank.org/ddh-published/0062763/2/DR0089139/GlobalFloodExposure/RUS/FloodPop_RUS_67.tif
FloodPop_RUS_68.tif,https://datacatalogfiles.worldbank.org/ddh-published/0062763/2/DR0089139/GlobalFloodExposure/RUS/FloodPop_RUS_68.tif
FloodPop_RUS_69.tif,https://datacatalogfiles.worldbank.org/ddh-published/0062763/2/DR0089139/GlobalFloodExposure/RUS/FloodPop_RUS_69.tif
FloodPop_RUS_7.tif,https://datacatalogfiles.worldbank.org/ddh-published/0062763/2/DR0089139/GlobalFloodExposure/RUS/FloodPop_RUS_7.tif
FloodPop_RUS_70.tif,https://datacatalogfiles.worldbank.org/ddh-published/0062763/2/DR0089139/GlobalFloodExposure/RUS/FloodPop_RUS_70.tif
FloodPop_RUS_71.tif,https://datacatalogfiles.worldbank.org/ddh-published/0062763/2/DR0089139/GlobalFloodExposure/RUS/FloodPop_RUS_71.tif
FloodPop_RUS_72.tif,https://datacatalogfiles.worldbank.org/ddh-published/0062763/2/DR0089139/GlobalFloodExposure/RUS/FloodPop_RUS_72.tif
FloodPop_RUS_73.tif,https://datacatalogfiles.worldbank.org/ddh-published/0062763/2/DR0089139/GlobalFloodExposure/RUS/FloodPop_RUS_73.tif
FloodPop_RUS_74.tif,https://datacatalogfiles.worldbank.org/ddh-published/0062763/2/DR0089139/GlobalFloodExposure/RUS/FloodPop_RUS_74.tif
FloodPop_RUS_75.tif,https://datacatalogfiles.worldbank.org/ddh-published/0062763/2/DR0089139/GlobalFloodExposure/RUS/FloodPop_RUS_75.tif
FloodPop_RUS_77.tif,https://datacatalogfiles.worldbank.org/ddh-published/0062763/2/DR0089139/GlobalFloodExposure/RUS/FloodPop_RUS_77.tif
FloodPop_RUS_78.tif,https://datacatalogfiles.worldbank.org/ddh-published/0062763/2/DR0089139/GlobalFloodExposure/RUS/FloodPop_RUS_78.tif
FloodPop_RUS_79.tif,https://datacatalogfiles.worldbank.org/ddh-published/0062763/2/DR0089139/GlobalFloodExposure/RUS/FloodPop_RUS_79.tif
FloodPop_RUS_8.tif,https://datacatalogfiles.worldbank.org/ddh-published/0062763/2/DR0089139/GlobalFloodExposure/RUS/FloodPop_RUS_8.tif
FloodPop_RUS_80.tif,https://datacatalogfiles.worldbank.org/ddh-published/0062763/2/DR0089139/GlobalFloodExposure/RUS/FloodPop_RUS_80.tif
FloodPop_RUS_81.tif,https://datacatalogfiles.worldbank.org/ddh-published/0062763/2/DR0089139/GlobalFloodExposure/RUS/FloodPop_RUS_81.tif
FloodPop_RUS_82.tif,https://datacatalogfiles.worldbank.org/ddh-published/0062763/2/DR0089139/GlobalFloodExposure/RUS/FloodPop_RUS_82.tif
FloodPop_RUS_83.tif,https://datacatalogfiles.worldbank.org/ddh-published/0062763/2/DR0089139/GlobalFloodExposure/RUS/FloodPop_RUS_83.tif
FloodPop_RUS_9.tif,https://datacatalogfiles.worldbank.org/ddh-published/0062763/2/DR0089139/GlobalFloodExposure/RUS/FloodPop_RUS_9.tif
FloodPop_RWA_1432.tif,https://datacatalogfiles.worldbank.org/ddh-published/0062763/2/DR0089139/GlobalFloodExposure/RWA/FloodPop_RWA_1432.tif
FloodPop_RWA_1433.tif,https://datacatalogfiles.worldbank.org/ddh-published/0062763/2/DR0089139/GlobalFloodExposure/RWA/FloodPop_RWA_1433.tif
FloodPop_RWA_1434.tif,https://datacatalogfiles.worldbank.org/ddh-published/0062763/2/DR0089139/GlobalFloodExposure/RWA/FloodPop_RWA_1434.tif
FloodPop_RWA_1435.tif,https://datacatalogfiles.worldbank.org/ddh-published/0062763/2/DR0089139/GlobalFloodExposure/RWA/FloodPop_RWA_1435.tif
FloodPop_RWA_1436.tif,https://datacatalogfiles.worldbank.org/ddh-published/0062763/2/DR0089139/GlobalFloodExposure/RWA/FloodPop_RWA_1436.tif
FloodPop_RWA_1437.tif,https://datacatalogfiles.worldbank.org/ddh-published/0062763/2/DR0089139/GlobalFloodExposure/RWA/FloodPop_RWA_1437.tif
FloodPop_RWA_1438.tif,https://datacatalogfiles.worldbank.org/ddh-published/0062763/2/DR0089139/GlobalFloodExposure/RWA/FloodPop_RWA_1438.tif
FloodPop_RWA_1439.tif,https://datacatalogfiles.worldbank.org/ddh-published/0062763/2/DR0089139/GlobalFloodExposure/RWA/FloodPop_RWA_1439.tif
FloodPop_RWA_1440.tif,https://datacatalogfiles.worldbank.org/ddh-published/0062763/2/DR0089139/GlobalFloodExposure/RWA/FloodPop_RWA_1440.tif
FloodPop_RWA_1441.tif,https://datacatalogfiles.worldbank.org/ddh-published/0062763/2/DR0089139/GlobalFloodExposure/RWA/FloodPop_RWA_1441.tif
FloodPop_RWA_1442.tif,https://datacatalogfiles.worldbank.org/ddh-published/0062763/2/DR0089139/GlobalFloodExposure/RWA/FloodPop_RWA_1442.tif
FloodPop_RWA_1443.tif,https://datacatalogfiles.worldbank.org/ddh-published/0062763/2/DR0089139/GlobalFloodExposure/RWA/FloodPop_RWA_1443.tif
FloodPop_RWA_1444.tif,https://datacatalogfiles.worldbank.org/ddh-published/0062763/2/DR0089139/GlobalFloodExposure/RWA/FloodPop_RWA_1444.tif
FloodPop_RWA_1445.tif,https://datacatalogfiles.worldbank.org/ddh-published/0062763/2/DR0089139/GlobalFloodExposure/RWA/FloodPop_RWA_1445.tif
FloodPop_RWA_1446.tif,https://datacatalogfiles.worldbank.org/ddh-published/0062763/2/DR0089139/GlobalFloodExposure/RWA/FloodPop_RWA_1446.tif
FloodPop_RWA_1447.tif,https://datacatalogfiles.worldbank.org/ddh-published/0062763/2/DR0089139/GlobalFloodExposure/RWA/FloodPop_RWA_1447.tif
FloodPop_RWA_1448.tif,https://datacatalogfiles.worldbank.org/ddh-published/0062763/2/DR0089139/GlobalFloodExposure/RWA/FloodPop_RWA_1448.tif
FloodPop_RWA_1449.tif,https://datacatalogfiles.worldbank.org/ddh-published/0062763/2/DR0089139/GlobalFloodExposure/RWA/FloodPop_RWA_1449.tif
FloodPop_RWA_1450.tif,https://datacatalogfiles.worldbank.org/ddh-published/0062763/2/DR0089139/GlobalFloodExposure/RWA/FloodPop_RWA_1450.tif
FloodPop_RWA_1451.tif,https://datacatalogfiles.worldbank.org/ddh-published/0062763/2/DR0089139/GlobalFloodExposure/RWA/FloodPop_RWA_1451.tif
FloodPop_RWA_1452.tif,https://datacatalogfiles.worldbank.org/ddh-published/0062763/2/DR0089139/GlobalFloodExposure/RWA/FloodPop_RWA_1452.tif
FloodPop_RWA_1453.tif,https://datacatalogfiles.worldbank.org/ddh-published/0062763/2/DR0089139/GlobalFloodExposure/RWA/FloodPop_RWA_1453.tif
FloodPop_RWA_1454.tif,https://datacatalogfiles.worldbank.org/ddh-published/0062763/2/DR0089139/GlobalFloodExposure/RWA/FloodPop_RWA_1454.tif
FloodPop_RWA_1455.tif,https://datacatalogfiles.worldbank.org/ddh-published/0062763/2/DR0089139/GlobalFloodExposure/RWA/FloodPop_RWA_1455.tif
FloodPop_RWA_1456.tif,https://datacatalogfiles.worldbank.org/ddh-published/0062763/2/DR0089139/GlobalFloodExposure/RWA/FloodPop_RWA_1456.tif
FloodPop_RWA_1457.tif,https://datacatalogfiles.worldbank.org/ddh-published/0062763/2/DR0089139/GlobalFloodExposure/RWA/FloodPop_RWA_1457.tif
FloodPop_RWA_1458.tif,https://datacatalogfiles.worldbank.org/ddh-published/0062763/2/DR0089139/GlobalFloodExposure/RWA/FloodPop_RWA_1458.tif
FloodPop_RWA_1459.tif,https://datacatalogfiles.worldbank.org/ddh-published/0062763/2/DR0089139/GlobalFloodExposure/RWA/FloodPop_RWA_1459.tif
FloodPop_RWA_1460.tif,https://datacatalogfiles.worldbank.org/ddh-published/0062763/2/DR0089139/GlobalFloodExposure/RWA/FloodPop_RWA_1460.tif
FloodPop_RWA_1461.tif,https://datacatalogfiles.worldbank.org/ddh-published/0062763/2/DR0089139/GlobalFloodExposure/RWA/FloodPop_RWA_1461.tif
FloodPop_SAU_2239.tif,https://datacatalogfiles.worldbank.org/ddh-published/0062763/2/DR0089139/GlobalFloodExposure/SAU/FloodPop_SAU_2239.tif
FloodPop_SAU_2240.tif,https://datacatalogfiles.worldbank.org/ddh-published/0062763/2/DR0089139/GlobalFloodExposure/SAU/FloodPop_SAU_2240.tif
FloodPop_SAU_2241.tif,https://datacatalogfiles.worldbank.org/ddh-published/0062763/2/DR0089139/GlobalFloodExposure/SAU/FloodPop_SAU_2241.tif
FloodPop_SAU_2242.tif,https://datacatalogfiles.worldbank.org/ddh-published/0062763/2/DR0089139/GlobalFloodExposure/SAU/FloodPop_SAU_2242.tif
FloodPop_SAU_2243.tif,https://datacatalogfiles.worldbank.org/ddh-published/0062763/2/DR0089139/GlobalFloodExposure/SAU/FloodPop_SAU_2243.tif
FloodPop_SAU_2244.tif,https://datacatalogfiles.worldbank.org/ddh-published/0062763/2/DR0089139/GlobalFloodExposure/SAU/FloodPop_SAU_2244.tif
FloodPop_SAU_2245.tif,https://datacatalogfiles.worldbank.org/ddh-published/0062763/2/DR0089139/GlobalFloodExposure/SAU/FloodPop_SAU_2245.tif
FloodPop_SAU_2246.tif,https://datacatalogfiles.worldbank.org/ddh-published/0062763/2/DR0089139/GlobalFloodExposure/SAU/FloodPop_SAU_2246.tif
FloodPop_SAU_2247.tif,https://datacatalogfiles.worldbank.org/ddh-published/0062763/2/DR0089139/GlobalFloodExposure/SAU/FloodPop_SAU_2247.tif
FloodPop_SAU_2248.tif,https://datacatalogfiles.worldbank.org/ddh-published/0062763/2/DR0089139/GlobalFloodExposure/SAU/FloodPop_SAU_2248.tif
FloodPop_SAU_2249.tif,https://datacatalogfiles.worldbank.org/ddh-published/0062763/2/DR0089139/GlobalFloodExposure/SAU/FloodPop_SAU_2249.tif
FloodPop_SAU_2250.tif,https://datacatalogfiles.worldbank.org/ddh-published/0062763/2/DR0089139/GlobalFloodExposure/SAU/FloodPop_SAU_2250.tif
FloodPop_SAU_2251.tif,https://datacatalogfiles.worldbank.org/ddh-published/0062763/2/DR0089139/GlobalFloodExposure/SAU/FloodPop_SAU_2251.tif
FloodPop_SDN_1604.tif,https://datacatalogfiles.worldbank.org/ddh-published/0062763/2/DR0089139/GlobalFloodExposure/SDN/FloodPop_SDN_1604.tif
FloodPop_SDN_1605.tif,https://datacatalogfiles.worldbank.org/ddh-published/0062763/2/DR0089139/GlobalFloodExposure/SDN/FloodPop_SDN_1605.tif
FloodPop_SDN_1606.tif,https://datacatalogfiles.worldbank.org/ddh-published/0062763/2/DR0089139/GlobalFloodExposure/SDN/FloodPop_SDN_1606.tif
FloodPop_SDN_1607.tif,https://datacatalogfiles.worldbank.org/ddh-published/0062763/2/DR0089139/GlobalFloodExposure/SDN/FloodPop_SDN_1607.tif
FloodPop_SDN_1608.tif,https://datacatalogfiles.worldbank.org/ddh-published/0062763/2/DR0089139/GlobalFloodExposure/SDN/FloodPop_SDN_1608.tif
FloodPop_SDN_1609.tif,https://datacatalogfiles.worldbank.org/ddh-published/0062763/2/DR0089139/GlobalFloodExposure/SDN/FloodPop_SDN_1609.tif
FloodPop_SDN_1610.tif,https://datacatalogfiles.worldbank.org/ddh-published/0062763/2/DR0089139/GlobalFloodExposure/SDN/FloodPop_SDN_1610.tif
FloodPop_SDN_1611.tif,https://datacatalogfiles.worldbank.org/ddh-published/0062763/2/DR0089139/GlobalFloodExposure/SDN/FloodPop_SDN_1611.tif
FloodPop_SDN_1612.tif,https://datacatalogfiles.worldbank.org/ddh-published/0062763/2/DR0089139/GlobalFloodExposure/SDN/FloodPop_SDN_1612.tif
FloodPop_SDN_1613.tif,https://datacatalogfiles.worldbank.org/ddh-published/0062763/2/DR0089139/GlobalFloodExposure/SDN/FloodPop_SDN_1613.tif
FloodPop_SDN_1614.tif,https://datacatalogfiles.worldbank.org/ddh-published/0062763/2/DR0089139/GlobalFloodExposure/SDN/FloodPop_SDN_1614.tif
FloodPop_SDN_1615.tif,https://datacatalogfiles.worldbank.org/ddh-published/0062763/2/DR0089139/GlobalFloodExposure/SDN/FloodPop_SDN_1615.tif
FloodPop_SDN_1616.tif,https://datacatalogfiles.worldbank.org/ddh-published/0062763/2/DR0089139/GlobalFloodExposure/SDN/FloodPop_SDN_1616.tif
FloodPop_SDN_1617.tif,https://datacatalogfiles.worldbank.org/ddh-published/0062763/2/DR0089139/GlobalFloodExposure/SDN/FloodPop_SDN_1617.tif
FloodPop_SDN_1618.tif,https://datacatalogfiles.worldbank.org/ddh-published/0062763/2/DR0089139/GlobalFloodExposure/SDN/FloodPop_SDN_1618.tif
FloodPop_SEN_1766.tif,https://datacatalogfiles.worldbank.org/ddh-published/0062763/2/DR0089139/GlobalFloodExposure/SEN/FloodPop_SEN_1766.tif
FloodPop_SEN_1767.tif,https://datacatalogfiles.worldbank.org/ddh-published/0062763/2/DR0089139/GlobalFloodExposure/SEN/FloodPop_SEN_1767.tif
FloodPop_SEN_1768.tif,https://datacatalogfiles.worldbank.org/ddh-published/0062763/2/DR0089139/GlobalFloodExposure/SEN/FloodPop_SEN_1768.tif
FloodPop_SEN_1769.tif,https://datacatalogfiles.worldbank.org/ddh-published/0062763/2/DR0089139/GlobalFloodExposure/SEN/FloodPop_SEN_1769.tif
FloodPop_SEN_1770.tif,https://datacatalogfiles.worldbank.org/ddh-published/0062763/2/DR0089139/GlobalFloodExposure/SEN/FloodPop_SEN_1770.tif
FloodPop_SEN_1771.tif,https://datacatalogfiles.worldbank.org/ddh-published/0062763/2/DR0089139/GlobalFloodExposure/SEN/FloodPop_SEN_1771.tif
FloodPop_SEN_1772.tif,https://datacatalogfiles.worldbank.org/ddh-published/0062763/2/DR0089139/GlobalFloodExposure/SEN/FloodPop_SEN_1772.tif
FloodPop_SEN_1773.tif,https://datacatalogfiles.worldbank.org/ddh-published/0062763/2/DR0089139/GlobalFloodExposure/SEN/FloodPop_SEN_1773.tif
FloodPop_SEN_1774.tif,https://datacatalogfiles.worldbank.org/ddh-published/0062763/2/DR0089139/GlobalFloodExposure/SEN/FloodPop_SEN_1774.tif
FloodPop_SEN_1775.tif,https://datacatalogfiles.worldbank.org/ddh-published/0062763/2/DR0089139/GlobalFloodExposure/SEN/FloodPop_SEN_1775.tif
FloodPop_SEN_1776.tif,https://datacatalogfiles.worldbank.org/ddh-published/0062763/2/DR0089139/GlobalFloodExposure/SEN/FloodPop_SEN_1776.tif
FloodPop_SEN_1777.tif,https://datacatalogfiles.worldbank.org/ddh-published/0062763/2/DR0089139/GlobalFloodExposure/SEN/FloodPop_SEN_1777.tif
FloodPop_SEN_1778.tif,https://datacatalogfiles.worldbank.org/ddh-published/0062763/2/DR0089139/GlobalFloodExposure/SEN/FloodPop_SEN_1778.tif
FloodPop_SEN_1779.tif,https://datacatalogfiles.worldbank.org/ddh-published/0062763/2/DR0089139/GlobalFloodExposure/SEN/FloodPop_SEN_1779.tif
FloodPop_SGP_2020.tif,https://datacatalogfiles.worldbank.org/ddh-published/0062763/2/DR0089139/GlobalFloodExposure/SGP/FloodPop_SGP_2020.tif
FloodPop_SGP_2021.tif,https://datacatalogfiles.worldbank.org/ddh-published/0062763/2/DR0089139/GlobalFloodExposure/SGP/FloodPop_SGP_2021.tif
FloodPop_SGP_2022.tif,https://datacatalogfiles.worldbank.org/ddh-published/0062763/2/DR0089139/GlobalFloodExposure/SGP/FloodPop_SGP_2022.tif
FloodPop_SGP_2023.tif,https://datacatalogfiles.worldbank.org/ddh-published/0062763/2/DR0089139/GlobalFloodExposure/SGP/FloodPop_SGP_2023.tif
FloodPop_SGP_2024.tif,https://datacatalogfiles.worldbank.org/ddh-published/0062763/2/DR0089139/GlobalFloodExposure/SGP/FloodPop_SGP_2024.tif
FloodPop_SGP_2025.tif,https://datacatalogfiles.worldbank.org/ddh-published/0062763/2/DR0089139/GlobalFloodExposure/SGP/FloodPop_SGP_2025.tif
FloodPop_SGP_2026.tif,https://datacatalogfiles.worldbank.org/ddh-published/0062763/2/DR0089139/GlobalFloodExposure/SGP/FloodPop_SGP_2026.tif
FloodPop_SGP_2027.tif,https://datacatalogfiles.worldbank.org/ddh-published/0062763/2/DR0089139/GlobalFloodExposure/SGP/FloodPop_SGP_2027.tif
FloodPop_SGP_2028.tif,https://datacatalogfiles.worldbank.org/ddh-published/0062763/2/DR0089139/GlobalFloodExposure/SGP/FloodPop_SGP_2028.tif
FloodPop_SLB_1161.tif,https://datacatalogfiles.worldbank.org/ddh-published/0062763/2/DR0089139/GlobalFloodExposure/SLB/FloodPop_SLB_1161.tif
FloodPop_SLE_809.tif,https://datacatalogfiles.worldbank.org/ddh-published/0062763/2/DR0089139/GlobalFloodExposure/SLE/FloodPop_SLE_809.tif
FloodPop_SLE_810.tif,https://datacatalogfiles.worldbank.org/ddh-published/0062763/2/DR0089139/GlobalFloodExposure/SLE/FloodPop_SLE_810.tif
FloodPop_SLE_811.tif,https://datacatalogfiles.worldbank.org/ddh-published/0062763/2/DR0089139/GlobalFloodExposure/SLE/FloodPop_SLE_811.tif
FloodPop_SLE_812.tif,https://datacatalogfiles.worldbank.org/ddh-published/0062763/2/DR0089139/GlobalFloodExposure/SLE/FloodPop_SLE_812.tif
FloodPop_SLE_813.tif,https://datacatalogfiles.worldbank.org/ddh-published/0062763/2/DR0089139/GlobalFloodExposure/SLE/FloodPop_SLE_813.tif
FloodPop_SLE_814.tif,https://datacatalogfiles.worldbank.org/ddh-published/0062763/2/DR0089139/GlobalFloodExposure/SLE/FloodPop_SLE_814.tif
FloodPop_SLE_815.tif,https://datacatalogfiles.worldbank.org/ddh-published/0062763/2/DR0089139/GlobalFloodExposure/SLE/FloodPop_SLE_815.tif
FloodPop_SLE_816.tif,https://datacatalogfiles.worldbank.org/ddh-published/0062763/2/DR0089139/GlobalFloodExposure/SLE/FloodPop_SLE_816.tif
FloodPop_SLE_817.tif,https://datacatalogfiles.worldbank.org/ddh-published/0062763/2/DR0089139/GlobalFloodExposure/SLE/FloodPop_SLE_817.tif
FloodPop_SLE_818.tif,https://datacatalogfiles.worldbank.org/ddh-published/0062763/2/DR0089139/GlobalFloodExposure/SLE/FloodPop_SLE_818.tif
FloodPop_SLE_819.tif,https://datacatalogfiles.worldbank.org/ddh-published/0062763/2/DR0089139/GlobalFloodExposure/SLE/FloodPop_SLE_819.tif
FloodPop_SLE_820.tif,https://datacatalogfiles.worldbank.org/ddh-published/0062763/2/DR0089139/GlobalFloodExposure/SLE/FloodPop_SLE_820.tif
FloodPop_SLE_821.tif,https://datacatalogfiles.worldbank.org/ddh-published/0062763/2/DR0089139/GlobalFloodExposure/SLE/FloodPop_SLE_821.tif
FloodPop_SLV_1238.tif,https://datacatalogfiles.worldbank.org/ddh-published/0062763/2/DR0089139/GlobalFloodExposure/SLV/FloodPop_SLV_1238.tif
FloodPop_SLV_1239.tif,https://datacatalogfiles.worldbank.org/ddh-published/0062763/2/DR0089139/GlobalFloodExposure/SLV/FloodPop_SLV_1239.tif
FloodPop_SLV_1240.tif,https://datacatalogfiles.worldbank.org/ddh-published/0062763/2/DR0089139/GlobalFloodExposure/SLV/FloodPop_SLV_1240.tif
FloodPop_SLV_1241.tif,https://datacatalogfiles.worldbank.org/ddh-published/0062763/2/DR0089139/GlobalFloodExposure/SLV/FloodPop_SLV_1241.tif
FloodPop_SLV_1242.tif,https://datacatalogfiles.worldbank.org/ddh-published/0062763/2/DR0089139/GlobalFloodExposure/SLV/FloodPop_SLV_1242.tif
FloodPop_SLV_1243.tif,https://datacatalogfiles.worldbank.org/ddh-published/0062763/2/DR0089139/GlobalFloodExposure/SLV/FloodPop_SLV_1243.tif
FloodPop_SLV_1244.tif,https://datacatalogfiles.worldbank.org/ddh-published/0062763/2/DR0089139/GlobalFloodExposure/SLV/FloodPop_SLV_1244.tif
FloodPop_SLV_1245.tif,https://datacatalogfiles.worldbank.org/ddh-published/0062763/2/DR0089139/GlobalFloodExposure/SLV/FloodPop_SLV_1245.tif
FloodPop_SLV_1246.tif,https://datacatalogfiles.worldbank.org/ddh-published/0062763/2/DR0089139/GlobalFloodExposure/SLV/FloodPop_SLV_1246.tif
FloodPop_SLV_1247.tif,https://datacatalogfiles.worldbank.org/ddh-published/0062763/2/DR0089139/GlobalFloodExposure/SLV/FloodPop_SLV_1247.tif
FloodPop_SLV_1248.tif,https://datacatalogfiles.worldbank.org/ddh-published/0062763/2/DR0089139/GlobalFloodExposure/SLV/FloodPop_SLV_1248.tif
FloodPop_SLV_1249.tif,https://datacatalogfiles.worldbank.org/ddh-published/0062763/2/DR0089139/GlobalFloodExposure/SLV/FloodPop_SLV_1249.tif
FloodPop_SLV_1250.tif,https://datacatalogfiles.worldbank.org/ddh-published/0062763/2/DR0089139/GlobalFloodExposure/SLV/FloodPop_SLV_1250.tif
FloodPop_SLV_1251.tif,https://datacatalogfiles.worldbank.org/ddh-published/0062763/2/DR0089139/GlobalFloodExposure/SLV/FloodPop_SLV_1251.tif
FloodPop_SMR_1953.tif,https://datacatalogfiles.worldbank.org/ddh-published/0062763/2/DR0089139/GlobalFloodExposure/SMR/FloodPop_SMR_1953.tif
FloodPop_SOM_2147.tif,https://datacatalogfiles.worldbank.org/ddh-published/0062763/2/DR0089139/GlobalFloodExposure/SOM/FloodPop_SOM_2147.tif
FloodPop_SOM_2148.tif,https://datacatalogfiles.worldbank.org/ddh-published/0062763/2/DR0089139/GlobalFloodExposure/SOM/FloodPop_SOM_2148.tif
FloodPop_SOM_2149.tif,https://datacatalogfiles.worldbank.org/ddh-published/0062763/2/DR0089139/GlobalFloodExposure/SOM/FloodPop_SOM_2149.tif
FloodPop_SOM_2150.tif,https://datacatalogfiles.worldbank.org/ddh-published/0062763/2/DR0089139/GlobalFloodExposure/SOM/FloodPop_SOM_2150.tif
FloodPop_SOM_2151.tif,https://datacatalogfiles.worldbank.org/ddh-published/0062763/2/DR0089139/GlobalFloodExposure/SOM/FloodPop_SOM_2151.tif
FloodPop_SOM_2152.tif,https://datacatalogfiles.worldbank.org/ddh-published/0062763/2/DR0089139/GlobalFloodExposure/SOM/FloodPop_SOM_2152.tif
FloodPop_SOM_2153.tif,https://datacatalogfiles.worldbank.org/ddh-published/0062763/2/DR0089139/GlobalFloodExposure/SOM/FloodPop_SOM_2153.tif
FloodPop_SOM_2154.tif,https://datacatalogfiles.worldbank.org/ddh-published/0062763/2/DR0089139/GlobalFloodExposure/SOM/FloodPop_SOM_2154.tif
FloodPop_SOM_2155.tif,https://datacatalogfiles.worldbank.org/ddh-published/0062763/2/DR0089139/GlobalFloodExposure/SOM/FloodPop_SOM_2155.tif
FloodPop_SOM_2156.tif,https://datacatalogfiles.worldbank.org/ddh-published/0062763/2/DR0089139/GlobalFloodExposure/SOM/FloodPop_SOM_2156.tif
FloodPop_SOM_2157.tif,https://datacatalogfiles.worldbank.org/ddh-published/0062763/2/DR0089139/GlobalFloodExposure/SOM/FloodPop_SOM_2157.tif
FloodPop_SOM_2158.tif,https://datacatalogfiles.worldbank.org/ddh-published/0062763/2/DR0089139/GlobalFloodExposure/SOM/FloodPop_SOM_2158.tif
FloodPop_SOM_2159.tif,https://datacatalogfiles.worldbank.org/ddh-published/0062763/2/DR0089139/GlobalFloodExposure/SOM/FloodPop_SOM_2159.tif
FloodPop_SOM_2160.tif,https://datacatalogfiles.worldbank.org/ddh-published/0062763/2/DR0089139/GlobalFloodExposure/SOM/FloodPop_SOM_2160.tif
FloodPop_SOM_2161.tif,https://datacatalogfiles.worldbank.org/ddh-published/0062763/2/DR0089139/GlobalFloodExposure/SOM/FloodPop_SOM_2161.tif
FloodPop_SOM_2162.tif,https://datacatalogfiles.worldbank.org/ddh-published/0062763/2/DR0089139/GlobalFloodExposure/SOM/FloodPop_SOM_2162.tif
FloodPop_SOM_2163.tif,https://datacatalogfiles.worldbank.org/ddh-published/0062763/2/DR0089139/GlobalFloodExposure/SOM/FloodPop_SOM_2163.tif
FloodPop_SOM_2164.tif,https://datacatalogfiles.worldbank.org/ddh-published/0062763/2/DR0089139/GlobalFloodExposure/SOM/FloodPop_SOM_2164.tif
FloodPop_SRB_355.tif,https://datacatalogfiles.worldbank.org/ddh-published/0062763/2/DR0089139/GlobalFloodExposure/SRB/FloodPop_SRB_355.tif
FloodPop_SRB_356.tif,https://datacatalogfiles.worldbank.org/ddh-published/0062763/2/DR0089139/GlobalFloodExposure/SRB/FloodPop_SRB_356.tif
FloodPop_SRB_357.tif,https://datacatalogfiles.worldbank.org/ddh-published/0062763/2/DR0089139/GlobalFloodExposure/SRB/FloodPop_SRB_357.tif
FloodPop_SRB_358.tif,https://datacatalogfiles.worldbank.org/ddh-published/0062763/2/DR0089139/GlobalFloodExposure/SRB/FloodPop_SRB_358.tif
FloodPop_SSD_1543.tif,https://datacatalogfiles.worldbank.org/ddh-published/0062763/2/DR0089139/GlobalFloodExposure/SSD/FloodPop_SSD_1543.tif
FloodPop_SSD_1544.tif,https://datacatalogfiles.worldbank.org/ddh-published/0062763/2/DR0089139/GlobalFloodExposure/SSD/FloodPop_SSD_1544.tif
FloodPop_SSD_1545.tif,https://datacatalogfiles.worldbank.org/ddh-published/0062763/2/DR0089139/GlobalFloodExposure/SSD/FloodPop_SSD_1545.tif
FloodPop_SSD_1546.tif,https://datacatalogfiles.worldbank.org/ddh-published/0062763/2/DR0089139/GlobalFloodExposure/SSD/FloodPop_SSD_1546.tif
FloodPop_SSD_1547.tif,https://datacatalogfiles.worldbank.org/ddh-published/0062763/2/DR0089139/GlobalFloodExposure/SSD/FloodPop_SSD_1547.tif
FloodPop_SSD_1548.tif,https://datacatalogfiles.worldbank.org/ddh-published/0062763/2/DR0089139/GlobalFloodExposure/SSD/FloodPop_SSD_1548.tif
FloodPop_SSD_1549.tif,https://datacatalogfiles.worldbank.org/ddh-published/0062763/2/DR0089139/GlobalFloodExposure/SSD/FloodPop_SSD_1549.tif
FloodPop_SSD_1550.tif,https://datacatalogfiles.worldbank.org/ddh-published/0062763/2/DR0089139/GlobalFloodExposure/SSD/FloodPop_SSD_1550.tif
FloodPop_SSD_1551.tif,https://datacatalogfiles.worldbank.org/ddh-published/0062763/2/DR0089139/GlobalFloodExposure/SSD/FloodPop_SSD_1551.tif
FloodPop_SSD_1552.tif,https://datacatalogfiles.worldbank.org/ddh-published/0062763/2/DR0089139/GlobalFloodExposure/SSD/FloodPop_SSD_1552.tif
FloodPop_STP_740.tif,https://datacatalogfiles.worldbank.org/ddh-published/0062763/2/DR0089139/GlobalFloodExposure/STP/FloodPop_STP_740.tif
FloodPop_STP_741.tif,https://datacatalogfiles.worldbank.org/ddh-published/0062763/2/DR0089139/GlobalFloodExposure/STP/FloodPop_STP_741.tif
FloodPop_SUR_1209.tif,https://datacatalogfiles.worldbank.org/ddh-published/0062763/2/DR0089139/GlobalFloodExposure/SUR/FloodPop_SUR_1209.tif
FloodPop_SVK_359.tif,https://datacatalogfiles.worldbank.org/ddh-published/0062763/2/DR0089139/GlobalFloodExposure/SVK/FloodPop_SVK_359.tif
FloodPop_SVK_360.tif,https://datacatalogfiles.worldbank.org/ddh-published/0062763/2/DR0089139/GlobalFloodExposure/SVK/FloodPop_SVK_360.tif
FloodPop_SVK_361.tif,https://datacatalogfiles.worldbank.org/ddh-published/0062763/2/DR0089139/GlobalFloodExposure/SVK/FloodPop_SVK_361.tif
FloodPop_SVK_362.tif,https://datacatalogfiles.worldbank.org/ddh-published/0062763/2/DR0089139/GlobalFloodExposure/SVK/FloodPop_SVK_362.tif
FloodPop_SVK_363.tif,https://datacatalogfiles.worldbank.org/ddh-published/0062763/2/DR0089139/GlobalFloodExposure/SVK/FloodPop_SVK_363.tif
FloodPop_SVK_364.tif,https://datacatalogfiles.worldbank.org/ddh-published/0062763/2/DR0089139/GlobalFloodExposure/SVK/FloodPop_SVK_364.tif
FloodPop_SVK_365.tif,https://datacatalogfiles.worldbank.org/ddh-published/0062763/2/DR0089139/GlobalFloodExposure/SVK/FloodPop_SVK_365.tif
FloodPop_SVK_366.tif,https://datacatalogfiles.worldbank.org/ddh-published/0062763/2/DR0089139/GlobalFloodExposure/SVK/FloodPop_SVK_366.tif
FloodPop_SVN_950.tif,https://datacatalogfiles.worldbank.org/ddh-published/0062763/2/DR0089139/GlobalFloodExposure/SVN/FloodPop_SVN_950.tif
FloodPop_SWE_907.tif,https://datacatalogfiles.worldbank.org/ddh-published/0062763/2/DR0089139/GlobalFloodExposure/SWE/FloodPop_SWE_907.tif
FloodPop_SWE_908.tif,https://datacatalogfiles.worldbank.org/ddh-published/0062763/2/DR0089139/GlobalFloodExposure/SWE/FloodPop_SWE_908.tif
FloodPop_SWE_909.tif,https://datacatalogfiles.worldbank.org/ddh-published/0062763/2/DR0089139/GlobalFloodExposure/SWE/FloodPop_SWE_909.tif
FloodPop_SWZ_1619.tif,https://datacatalogfiles.worldbank.org/ddh-published/0062763/2/DR0089139/GlobalFloodExposure/SWZ/FloodPop_SWZ_1619.tif
FloodPop_SWZ_1620.tif,https://datacatalogfiles.worldbank.org/ddh-published/0062763/2/DR0089139/GlobalFloodExposure/SWZ/FloodPop_SWZ_1620.tif
FloodPop_SWZ_1621.tif,https://datacatalogfiles.worldbank.org/ddh-published/0062763/2/DR0089139/GlobalFloodExposure/SWZ/FloodPop_SWZ_1621.tif
FloodPop_SWZ_1622.tif,https://datacatalogfiles.worldbank.org/ddh-published/0062763/2/DR0089139/GlobalFloodExposure/SWZ/FloodPop_SWZ_1622.tif
FloodPop_SYR_511.tif,https://datacatalogfiles.worldbank.org/ddh-published/0062763/2/DR0089139/GlobalFloodExposure/SYR/FloodPop_SYR_511.tif
FloodPop_SYR_512.tif,https://datacatalogfiles.worldbank.org/ddh-published/0062763/2/DR0089139/GlobalFloodExposure/SYR/FloodPop_SYR_512.tif
FloodPop_SYR_513.tif,https://datacatalogfiles.worldbank.org/ddh-published/0062763/2/DR0089139/GlobalFloodExposure/SYR/FloodPop_SYR_513.tif
FloodPop_SYR_514.tif,https://datacatalogfiles.worldbank.org/ddh-published/0062763/2/DR0089139/GlobalFloodExposure/SYR/FloodPop_SYR_514.tif
FloodPop_SYR_515.tif,https://datacatalogfiles.worldbank.org/ddh-published/0062763/2/DR0089139/GlobalFloodExposure/SYR/FloodPop_SYR_515.tif
FloodPop_SYR_516.tif,https://datacatalogfiles.worldbank.org/ddh-published/0062763/2/DR0089139/GlobalFloodExposure/SYR/FloodPop_SYR_516.tif
FloodPop_SYR_517.tif,https://datacatalogfiles.worldbank.org/ddh-published/0062763/2/DR0089139/GlobalFloodExposure/SYR/FloodPop_SYR_517.tif
FloodPop_SYR_518.tif,https://datacatalogfiles.worldbank.org/ddh-published/0062763/2/DR0089139/GlobalFloodExposure/SYR/FloodPop_SYR_518.tif
FloodPop_SYR_519.tif,https://datacatalogfiles.worldbank.org/ddh-published/0062763/2/DR0089139/GlobalFloodExposure/SYR/FloodPop_SYR_519.tif
FloodPop_SYR_520.tif,https://datacatalogfiles.worldbank.org/ddh-published/0062763/2/DR0089139/GlobalFloodExposure/SYR/FloodPop_SYR_520.tif
FloodPop_SYR_521.tif,https://datacatalogfiles.worldbank.org/ddh-published/0062763/2/DR0089139/GlobalFloodExposure/SYR/FloodPop_SYR_521.tif
FloodPop_SYR_522.tif,https://datacatalogfiles.worldbank.org/ddh-published/0062763/2/DR0089139/GlobalFloodExposure/SYR/FloodPop_SYR_522.tif
FloodPop_SYR_523.tif,https://datacatalogfiles.worldbank.org/ddh-published/0062763/2/DR0089139/GlobalFloodExposure/SYR/FloodPop_SYR_523.tif
FloodPop_TCA_2080.tif,https://datacatalogfiles.worldbank.org/ddh-published/0062763/2/DR0089139/GlobalFloodExposure/TCA/FloodPop_TCA_2080.tif
FloodPop_TCA_2081.tif,https://datacatalogfiles.worldbank.org/ddh-published/0062763/2/DR0089139/GlobalFloodExposure/TCA/FloodPop_TCA_2081.tif
FloodPop_TCA_2082.tif,https://datacatalogfiles.worldbank.org/ddh-published/0062763/2/DR0089139/GlobalFloodExposure/TCA/FloodPop_TCA_2082.tif
FloodPop_TCA_2083.tif,https://datacatalogfiles.worldbank.org/ddh-published/0062763/2/DR0089139/GlobalFloodExposure/TCA/FloodPop_TCA_2083.tif
FloodPop_TCA_2084.tif,https://datacatalogfiles.worldbank.org/ddh-published/0062763/2/DR0089139/GlobalFloodExposure/TCA/FloodPop_TCA_2084.tif
FloodPop_TCA_2085.tif,https://datacatalogfiles.worldbank.org/ddh-published/0062763/2/DR0089139/GlobalFloodExposure/TCA/FloodPop_TCA_2085.tif
FloodPop_TCD_1797.tif,https://datacatalogfiles.worldbank.org/ddh-published/0062763/2/DR0089139/GlobalFloodExposure/TCD/FloodPop_TCD_1797.tif
FloodPop_TCD_1798.tif,https://datacatalogfiles.worldbank.org/ddh-published/0062763/2/DR0089139/GlobalFloodExposure/TCD/FloodPop_TCD_1798.tif
FloodPop_TCD_1799.tif,https://datacatalogfiles.worldbank.org/ddh-published/0062763/2/DR0089139/GlobalFloodExposure/TCD/FloodPop_TCD_1799.tif
FloodPop_TCD_1800.tif,https://datacatalogfiles.worldbank.org/ddh-published/0062763/2/DR0089139/GlobalFloodExposure/TCD/FloodPop_TCD_1800.tif
FloodPop_TCD_1801.tif,https://datacatalogfiles.worldbank.org/ddh-published/0062763/2/DR0089139/GlobalFloodExposure/TCD/FloodPop_TCD_1801.tif
FloodPop_TCD_1802.tif,https://datacatalogfiles.worldbank.org/ddh-published/0062763/2/DR0089139/GlobalFloodExposure/TCD/FloodPop_TCD_1802.tif
FloodPop_TCD_1803.tif,https://datacatalogfiles.worldbank.org/ddh-published/0062763/2/DR0089139/GlobalFloodExposure/TCD/FloodPop_TCD_1803.tif
FloodPop_TCD_1804.tif,https://datacatalogfiles.worldbank.org/ddh-published/0062763/2/DR0089139/GlobalFloodExposure/TCD/FloodPop_TCD_1804.tif
FloodPop_TCD_1805.tif,https://datacatalogfiles.worldbank.org/ddh-published/0062763/2/DR0089139/GlobalFloodExposure/TCD/FloodPop_TCD_1805.tif
FloodPop_TCD_1806.tif,https://datacatalogfiles.worldbank.org/ddh-published/0062763/2/DR0089139/GlobalFloodExposure/TCD/FloodPop_TCD_1806.tif
FloodPop_TCD_1807.tif,https://datacatalogfiles.worldbank.org/ddh-published/0062763/2/DR0089139/GlobalFloodExposure/TCD/FloodPop_TCD_1807.tif
FloodPop_TCD_1808.tif,https://datacatalogfiles.worldbank.org/ddh-published/0062763/2/DR0089139/GlobalFloodExposure/TCD/FloodPop_TCD_1808.tif
FloodPop_TCD_1809.tif,https://datacatalogfiles.worldbank.org/ddh-published/0062763/2/DR0089139/GlobalFloodExposure/TCD/FloodPop_TCD_1809.tif
FloodPop_TCD_1810.tif,https://datacatalogfiles.worldbank.org/ddh-published/0062763/2/DR0089139/GlobalFloodExposure/TCD/FloodPop_TCD_1810.tif
FloodPop_TCD_1811.tif,https://datacatalogfiles.worldbank.org/ddh-published/0062763/2/DR0089139/GlobalFloodExposure/TCD/FloodPop_TCD_1811.tif
FloodPop_TCD_1812.tif,https://datacatalogfiles.worldbank.org/ddh-published/0062763/2/DR0089139/GlobalFloodExposure/TCD/FloodPop_TCD_1812.tif
FloodPop_TCD_1813.tif,https://datacatalogfiles.worldbank.org/ddh-published/0062763/2/DR0089139/GlobalFloodExposure/TCD/FloodPop_TCD_1813.tif
FloodPop_TCD_1814.tif,https://datacatalogfiles.worldbank.org/ddh-published/0062763/2/DR0089139/GlobalFloodExposure/TCD/FloodPop_TCD_1814.tif
FloodPop_TCD_1815.tif,https://datacatalogfiles.worldbank.org/ddh-published/0062763/2/DR0089139/GlobalFloodExposure/TCD/FloodPop_TCD_1815.tif
FloodPop_TCD_1816.tif,https://datacatalogfiles.worldbank.org/ddh-published/0062763/2/DR0089139/GlobalFloodExposure/TCD/FloodPop_TCD_1816.tif
FloodPop_TGO_608.tif,https://datacatalogfiles.worldbank.org/ddh-published/0062763/2/DR0089139/GlobalFloodExposure/TGO/FloodPop_TGO_608.tif
FloodPop_TGO_609.tif,https://datacatalogfiles.worldbank.org/ddh-published/0062763/2/DR0089139/GlobalFloodExposure/TGO/FloodPop_TGO_609.tif
FloodPop_TGO_610.tif,https://datacatalogfiles.worldbank.org/ddh-published/0062763/2/DR0089139/GlobalFloodExposure/TGO/FloodPop_TGO_610.tif
FloodPop_TGO_611.tif,https://datacatalogfiles.worldbank.org/ddh-published/0062763/2/DR0089139/GlobalFloodExposure/TGO/FloodPop_TGO_611.tif
FloodPop_TGO_612.tif,https://datacatalogfiles.worldbank.org/ddh-published/0062763/2/DR0089139/GlobalFloodExposure/TGO/FloodPop_TGO_612.tif
FloodPop_TGO_613.tif,https://datacatalogfiles.worldbank.org/ddh-published/0062763/2/DR0089139/GlobalFloodExposure/TGO/FloodPop_TGO_613.tif
FloodPop_THA_120.tif,https://datacatalogfiles.worldbank.org/ddh-published/0062763/2/DR0089139/GlobalFloodExposure/THA/FloodPop_THA_120.tif
FloodPop_THA_121.tif,https://datacatalogfiles.worldbank.org/ddh-published/0062763/2/DR0089139/GlobalFloodExposure/THA/FloodPop_THA_121.tif
FloodPop_THA_122.tif,https://datacatalogfiles.worldbank.org/ddh-published/0062763/2/DR0089139/GlobalFloodExposure/THA/FloodPop_THA_122.tif
FloodPop_THA_123.tif,https://datacatalogfiles.worldbank.org/ddh-published/0062763/2/DR0089139/GlobalFloodExposure/THA/FloodPop_THA_123.tif
FloodPop_THA_124.tif,https://datacatalogfiles.worldbank.org/ddh-published/0062763/2/DR0089139/GlobalFloodExposure/THA/FloodPop_THA_124.tif
FloodPop_THA_125.tif,https://datacatalogfiles.worldbank.org/ddh-published/0062763/2/DR0089139/GlobalFloodExposure/THA/FloodPop_THA_125.tif
FloodPop_THA_126.tif,https://datacatalogfiles.worldbank.org/ddh-published/0062763/2/DR0089139/GlobalFloodExposure/THA/FloodPop_THA_126.tif
FloodPop_THA_127.tif,https://datacatalogfiles.worldbank.org/ddh-published/0062763/2/DR0089139/GlobalFloodExposure/THA/FloodPop_THA_127.tif
FloodPop_THA_128.tif,https://datacatalogfiles.worldbank.org/ddh-published/0062763/2/DR0089139/GlobalFloodExposure/THA/FloodPop_THA_128.tif
FloodPop_THA_129.tif,https://datacatalogfiles.worldbank.org/ddh-published/0062763/2/DR0089139/GlobalFloodExposure/THA/FloodPop_THA_129.tif
FloodPop_THA_130.tif,https://datacatalogfiles.worldbank.org/ddh-published/0062763/2/DR0089139/GlobalFloodExposure/THA/FloodPop_THA_130.tif
FloodPop_THA_131.tif,https://datacatalogfiles.worldbank.org/ddh-published/0062763/2/DR0089139/GlobalFloodExposure/THA/FloodPop_THA_131.tif
FloodPop_THA_132.tif,https://datacatalogfiles.worldbank.org/ddh-published/0062763/2/DR0089139/GlobalFloodExposure/THA/FloodPop_THA_132.tif
FloodPop_THA_133.tif,https://datacatalogfiles.worldbank.org/ddh-published/0062763/2/DR0089139/GlobalFloodExposure/THA/FloodPop_THA_133.tif
FloodPop_THA_134.tif,https://datacatalogfiles.worldbank.org/ddh-published/0062763/2/DR0089139/GlobalFloodExposure/THA/FloodPop_THA_134.tif
FloodPop_THA_135.tif,https://datacatalogfiles.worldbank.org/ddh-published/0062763/2/DR0089139/GlobalFloodExposure/THA/FloodPop_THA_135.tif
FloodPop_THA_136.tif,https://datacatalogfiles.worldbank.org/ddh-published/0062763/2/DR0089139/GlobalFloodExposure/THA/FloodPop_THA_136.tif
FloodPop_THA_137.tif,https://datacatalogfiles.worldbank.org/ddh-published/0062763/2/DR0089139/GlobalFloodExposure/THA/FloodPop_THA_137.tif
FloodPop_THA_138.tif,https://datacatalogfiles.worldbank.org/ddh-published/0062763/2/DR0089139/GlobalFloodExposure/THA/FloodPop_THA_138.tif
FloodPop_THA_139.tif,https://datacatalogfiles.worldbank.org/ddh-published/0062763/2/DR0089139/GlobalFloodExposure/THA/FloodPop_THA_139.tif
FloodPop_THA_140.tif,https://datacatalogfiles.worldbank.org/ddh-published/0062763/2/DR0089139/GlobalFloodExposure/THA/FloodPop_THA_140.tif
FloodPop_THA_141.tif,https://datacatalogfiles.worldbank.org/ddh-published/0062763/2/DR0089139/GlobalFloodExposure/THA/FloodPop_THA_141.tif
FloodPop_THA_142.tif,https://datacatalogfiles.worldbank.org/ddh-published/0062763/2/DR0089139/GlobalFloodExposure/THA/FloodPop_THA_142.tif
FloodPop_THA_143.tif,https://datacatalogfiles.worldbank.org/ddh-published/0062763/2/DR0089139/GlobalFloodExposure/THA/FloodPop_THA_143.tif
FloodPop_THA_144.tif,https://datacatalogfiles.worldbank.org/ddh-published/0062763/2/DR0089139/GlobalFloodExposure/THA/FloodPop_THA_144.tif
FloodPop_THA_145.tif,https://datacatalogfiles.worldbank.org/ddh-published/0062763/2/DR0089139/GlobalFloodExposure/THA/FloodPop_THA_145.tif
FloodPop_THA_146.tif,https://datacatalogfiles.worldbank.org/ddh-published/0062763/2/DR0089139/GlobalFloodExposure/THA/FloodPop_THA_146.tif
FloodPop_THA_147.tif,https://datacatalogfiles.worldbank.org/ddh-published/0062763/2/DR0089139/GlobalFloodExposure/THA/FloodPop_THA_147.tif
FloodPop_THA_148.tif,https://datacatalogfiles.worldbank.org/ddh-published/0062763/2/DR0089139/GlobalFloodExposure/THA/FloodPop_THA_148.tif
FloodPop_THA_149.tif,https://datacatalogfiles.worldbank.org/ddh-published/0062763/2/DR0089139/GlobalFloodExposure/THA/FloodPop_THA_149.tif
FloodPop_THA_150.tif,https://datacatalogfiles.worldbank.org/ddh-published/0062763/2/DR0089139/GlobalFloodExposure/THA/FloodPop_THA_150.tif
FloodPop_THA_151.tif,https://datacatalogfiles.worldbank.org/ddh-published/0062763/2/DR0089139/GlobalFloodExposure/THA/FloodPop_THA_151.tif
FloodPop_THA_152.tif,https://datacatalogfiles.worldbank.org/ddh-published/0062763/2/DR0089139/GlobalFloodExposure/THA/FloodPop_THA_152.tif
FloodPop_THA_153.tif,https://datacatalogfiles.worldbank.org/ddh-published/0062763/2/DR0089139/GlobalFloodExposure/THA/FloodPop_THA_153.tif
FloodPop_THA_154.tif,https://datacatalogfiles.worldbank.org/ddh-published/0062763/2/DR0089139/GlobalFloodExposure/THA/FloodPop_THA_154.tif
FloodPop_THA_155.tif,https://datacatalogfiles.worldbank.org/ddh-published/0062763/2/DR0089139/GlobalFloodExposure/THA/FloodPop_THA_155.tif
FloodPop_THA_156.tif,https://datacatalogfiles.worldbank.org/ddh-published/0062763/2/DR0089139/GlobalFloodExposure/THA/FloodPop_THA_156.tif
FloodPop_THA_157.tif,https://datacatalogfiles.worldbank.org/ddh-published/0062763/2/DR0089139/GlobalFloodExposure/THA/FloodPop_THA_157.tif
FloodPop_THA_158.tif,https://datacatalogfiles.worldbank.org/ddh-published/0062763/2/DR0089139/GlobalFloodExposure/THA/FloodPop_THA_158.tif
FloodPop_THA_159.tif,https://datacatalogfiles.worldbank.org/ddh-published/0062763/2/DR0089139/GlobalFloodExposure/THA/FloodPop_THA_159.tif
FloodPop_THA_160.tif,https://datacatalogfiles.worldbank.org/ddh-published/0062763/2/DR0089139/GlobalFloodExposure/THA/FloodPop_THA_160.tif
FloodPop_THA_161.tif,https://datacatalogfiles.worldbank.org/ddh-published/0062763/2/DR0089139/GlobalFloodExposure/THA/FloodPop_THA_161.tif
FloodPop_THA_162.tif,https://datacatalogfiles.worldbank.org/ddh-published/0062763/2/DR0089139/GlobalFloodExposure/THA/FloodPop_THA_162.tif
FloodPop_THA_163.tif,https://datacatalogfiles.worldbank.org/ddh-published/0062763/2/DR0089139/GlobalFloodExposure/THA/FloodPop_THA_163.tif
FloodPop_THA_164.tif,https://datacatalogfiles.worldbank.org/ddh-published/0062763/2/DR0089139/GlobalFloodExposure/THA/FloodPop_THA_164.tif
FloodPop_THA_165.tif,https://datacatalogfiles.worldbank.org/ddh-published/0062763/2/DR0089139/GlobalFloodExposure/THA/FloodPop_THA_165.tif
FloodPop_THA_166.tif,https://datacatalogfiles.worldbank.org/ddh-published/0062763/2/DR0089139/GlobalFloodExposure/THA/FloodPop_THA_166.tif
FloodPop_THA_167.tif,https://datacatalogfiles.worldbank.org/ddh-published/0062763/2/DR0089139/GlobalFloodExposure/THA/FloodPop_THA_167.tif
FloodPop_THA_168.tif,https://datacatalogfiles.worldbank.org/ddh-published/0062763/2/DR0089139/GlobalFloodExposure/THA/FloodPop_THA_168.tif
FloodPop_THA_169.tif,https://datacatalogfiles.worldbank.org/ddh-published/0062763/2/DR0089139/GlobalFloodExposure/THA/FloodPop_THA_169.tif
FloodPop_THA_170.tif,https://datacatalogfiles.worldbank.org/ddh-published/0062763/2/DR0089139/GlobalFloodExposure/THA/FloodPop_THA_170.tif
FloodPop_THA_171.tif,https://datacatalogfiles.worldbank.org/ddh-published/0062763/2/DR0089139/GlobalFloodExposure/THA/FloodPop_THA_171.tif
FloodPop_THA_172.tif,https://datacatalogfiles.worldbank.org/ddh-published/0062763/2/DR0089139/GlobalFloodExposure/THA/FloodPop_THA_172.tif
FloodPop_THA_173.tif,https://datacatalogfiles.worldbank.org/ddh-published/0062763/2/DR0089139/GlobalFloodExposure/THA/FloodPop_THA_173.tif
FloodPop_THA_174.tif,https://datacatalogfiles.worldbank.org/ddh-published/0062763/2/DR0089139/GlobalFloodExposure/THA/FloodPop_THA_174.tif
FloodPop_THA_175.tif,https://datacatalogfiles.worldbank.org/ddh-published/0062763/2/DR0089139/GlobalFloodExposure/THA/FloodPop_THA_175.tif
FloodPop_THA_176.tif,https://datacatalogfiles.worldbank.org/ddh-published/0062763/2/DR0089139/GlobalFloodExposure/THA/FloodPop_THA_176.tif
FloodPop_THA_177.tif,https://datacatalogfiles.worldbank.org/ddh-published/0062763/2/DR0089139/GlobalFloodExposure/THA/FloodPop_THA_177.tif
FloodPop_THA_178.tif,https://datacatalogfiles.worldbank.org/ddh-published/0062763/2/DR0089139/GlobalFloodExposure/THA/FloodPop_THA_178.tif
FloodPop_THA_179.tif,https://datacatalogfiles.worldbank.org/ddh-published/0062763/2/DR0089139/GlobalFloodExposure/THA/FloodPop_THA_179.tif
FloodPop_THA_180.tif,https://datacatalogfiles.worldbank.org/ddh-published/0062763/2/DR0089139/GlobalFloodExposure/THA/FloodPop_THA_180.tif
FloodPop_THA_181.tif,https://datacatalogfiles.worldbank.org/ddh-published/0062763/2/DR0089139/GlobalFloodExposure/THA/FloodPop_THA_181.tif
FloodPop_THA_182.tif,https://datacatalogfiles.worldbank.org/ddh-published/0062763/2/DR0089139/GlobalFloodExposure/THA/FloodPop_THA_182.tif
FloodPop_THA_183.tif,https://datacatalogfiles.worldbank.org/ddh-published/0062763/2/DR0089139/GlobalFloodExposure/THA/FloodPop_THA_183.tif
FloodPop_THA_184.tif,https://datacatalogfiles.worldbank.org/ddh-published/0062763/2/DR0089139/GlobalFloodExposure/THA/FloodPop_THA_184.tif
FloodPop_THA_185.tif,https://datacatalogfiles.worldbank.org/ddh-published/0062763/2/DR0089139/GlobalFloodExposure/THA/FloodPop_THA_185.tif
FloodPop_THA_186.tif,https://datacatalogfiles.worldbank.org/ddh-published/0062763/2/DR0089139/GlobalFloodExposure/THA/FloodPop_THA_186.tif
FloodPop_THA_187.tif,https://datacatalogfiles.worldbank.org/ddh-published/0062763/2/DR0089139/GlobalFloodExposure/THA/FloodPop_THA_187.tif
FloodPop_THA_188.tif,https://datacatalogfiles.worldbank.org/ddh-published/0062763/2/DR0089139/GlobalFloodExposure/THA/FloodPop_THA_188.tif
FloodPop_THA_189.tif,https://datacatalogfiles.worldbank.org/ddh-published/0062763/2/DR0089139/GlobalFloodExposure/THA/FloodPop_THA_189.tif
FloodPop_THA_190.tif,https://datacatalogfiles.worldbank.org/ddh-published/0062763/2/DR0089139/GlobalFloodExposure/THA/FloodPop_THA_190.tif
FloodPop_THA_191.tif,https://datacatalogfiles.worldbank.org/ddh-published/0062763/2/DR0089139/GlobalFloodExposure/THA/FloodPop_THA_191.tif
FloodPop_THA_192.tif,https://datacatalogfiles.worldbank.org/ddh-published/0062763/2/DR0089139/GlobalFloodExposure/THA/FloodPop_THA_192.tif
FloodPop_THA_193.tif,https://datacatalogfiles.worldbank.org/ddh-published/0062763/2/DR0089139/GlobalFloodExposure/THA/FloodPop_THA_193.tif
FloodPop_THA_194.tif,https://datacatalogfiles.worldbank.org/ddh-published/0062763/2/DR0089139/GlobalFloodExposure/THA/FloodPop_THA_194.tif
FloodPop_THA_195.tif,https://datacatalogfiles.worldbank.org/ddh-published/0062763/2/DR0089139/GlobalFloodExposure/THA/FloodPop_THA_195.tif
FloodPop_THA_196.tif,https://datacatalogfiles.worldbank.org/ddh-published/0062763/2/DR0089139/GlobalFloodExposure/THA/FloodPop_THA_196.tif
FloodPop_TJK_1021.tif,https://datacatalogfiles.worldbank.org/ddh-published/0062763/2/DR0089139/GlobalFloodExposure/TJK/FloodPop_TJK_1021.tif
FloodPop_TJK_946.tif,https://datacatalogfiles.worldbank.org/ddh-published/0062763/2/DR0089139/GlobalFloodExposure/TJK/FloodPop_TJK_946.tif
FloodPop_TJK_947.tif,https://datacatalogfiles.worldbank.org/ddh-published/0062763/2/DR0089139/GlobalFloodExposure/TJK/FloodPop_TJK_947.tif
FloodPop_TJK_948.tif,https://datacatalogfiles.worldbank.org/ddh-published/0062763/2/DR0089139/GlobalFloodExposure/TJK/FloodPop_TJK_948.tif
FloodPop_TJK_949.tif,https://datacatalogfiles.worldbank.org/ddh-published/0062763/2/DR0089139/GlobalFloodExposure/TJK/FloodPop_TJK_949.tif
FloodPop_TKM_753.tif,https://datacatalogfiles.worldbank.org/ddh-published/0062763/2/DR0089139/GlobalFloodExposure/TKM/FloodPop_TKM_753.tif
FloodPop_TLS_197.tif,https://datacatalogfiles.worldbank.org/ddh-published/0062763/2/DR0089139/GlobalFloodExposure/TLS/FloodPop_TLS_197.tif
FloodPop_TLS_198.tif,https://datacatalogfiles.worldbank.org/ddh-published/0062763/2/DR0089139/GlobalFloodExposure/TLS/FloodPop_TLS_198.tif
FloodPop_TLS_199.tif,https://datacatalogfiles.worldbank.org/ddh-published/0062763/2/DR0089139/GlobalFloodExposure/TLS/FloodPop_TLS_199.tif
FloodPop_TLS_200.tif,https://datacatalogfiles.worldbank.org/ddh-published/0062763/2/DR0089139/GlobalFloodExposure/TLS/FloodPop_TLS_200.tif
FloodPop_TON_1135.tif,https://datacatalogfiles.worldbank.org/ddh-published/0062763/2/DR0089139/GlobalFloodExposure/TON/FloodPop_TON_1135.tif
FloodPop_TTO_757.tif,https://datacatalogfiles.worldbank.org/ddh-published/0062763/2/DR0089139/GlobalFloodExposure/TTO/FloodPop_TTO_757.tif
FloodPop_TUN_1855.tif,https://datacatalogfiles.worldbank.org/ddh-published/0062763/2/DR0089139/GlobalFloodExposure/TUN/FloodPop_TUN_1855.tif
FloodPop_TUN_1856.tif,https://datacatalogfiles.worldbank.org/ddh-published/0062763/2/DR0089139/GlobalFloodExposure/TUN/FloodPop_TUN_1856.tif
FloodPop_TUN_1857.tif,https://datacatalogfiles.worldbank.org/ddh-published/0062763/2/DR0089139/GlobalFloodExposure/TUN/FloodPop_TUN_1857.tif
FloodPop_TUN_1858.tif,https://datacatalogfiles.worldbank.org/ddh-published/0062763/2/DR0089139/GlobalFloodExposure/TUN/FloodPop_TUN_1858.tif
FloodPop_TUN_1859.tif,https://datacatalogfiles.worldbank.org/ddh-published/0062763/2/DR0089139/GlobalFloodExposure/TUN/FloodPop_TUN_1859.tif
FloodPop_TUN_1860.tif,https://datacatalogfiles.worldbank.org/ddh-published/0062763/2/DR0089139/GlobalFloodExposure/TUN/FloodPop_TUN_1860.tif
FloodPop_TUN_1861.tif,https://datacatalogfiles.worldbank.org/ddh-published/0062763/2/DR0089139/GlobalFloodExposure/TUN/FloodPop_TUN_1861.tif
FloodPop_TUR_367.tif,https://datacatalogfiles.worldbank.org/ddh-published/0062763/2/DR0089139/GlobalFloodExposure/TUR/FloodPop_TUR_367.tif
FloodPop_TZA_667.tif,https://datacatalogfiles.worldbank.org/ddh-published/0062763/2/DR0089139/GlobalFloodExposure/TZA/FloodPop_TZA_667.tif
FloodPop_TZA_668.tif,https://datacatalogfiles.worldbank.org/ddh-published/0062763/2/DR0089139/GlobalFloodExposure/TZA/FloodPop_TZA_668.tif
FloodPop_TZA_669.tif,https://datacatalogfiles.worldbank.org/ddh-published/0062763/2/DR0089139/GlobalFloodExposure/TZA/FloodPop_TZA_669.tif
FloodPop_TZA_670.tif,https://datacatalogfiles.worldbank.org/ddh-published/0062763/2/DR0089139/GlobalFloodExposure/TZA/FloodPop_TZA_670.tif
FloodPop_TZA_671.tif,https://datacatalogfiles.worldbank.org/ddh-published/0062763/2/DR0089139/GlobalFloodExposure/TZA/FloodPop_TZA_671.tif
FloodPop_TZA_672.tif,https://datacatalogfiles.worldbank.org/ddh-published/0062763/2/DR0089139/GlobalFloodExposure/TZA/FloodPop_TZA_672.tif
FloodPop_TZA_673.tif,https://datacatalogfiles.worldbank.org/ddh-published/0062763/2/DR0089139/GlobalFloodExposure/TZA/FloodPop_TZA_673.tif
FloodPop_TZA_674.tif,https://datacatalogfiles.worldbank.org/ddh-published/0062763/2/DR0089139/GlobalFloodExposure/TZA/FloodPop_TZA_674.tif
FloodPop_TZA_675.tif,https://datacatalogfiles.worldbank.org/ddh-published/0062763/2/DR0089139/GlobalFloodExposure/TZA/FloodPop_TZA_675.tif
FloodPop_TZA_676.tif,https://datacatalogfiles.worldbank.org/ddh-published/0062763/2/DR0089139/GlobalFloodExposure/TZA/FloodPop_TZA_676.tif
FloodPop_TZA_677.tif,https://datacatalogfiles.worldbank.org/ddh-published/0062763/2/DR0089139/GlobalFloodExposure/TZA/FloodPop_TZA_677.tif
FloodPop_TZA_678.tif,https://datacatalogfiles.worldbank.org/ddh-published/0062763/2/DR0089139/GlobalFloodExposure/TZA/FloodPop_TZA_678.tif
FloodPop_TZA_679.tif,https://datacatalogfiles.worldbank.org/ddh-published/0062763/2/DR0089139/GlobalFloodExposure/TZA/FloodPop_TZA_679.tif
FloodPop_TZA_680.tif,https://datacatalogfiles.worldbank.org/ddh-published/0062763/2/DR0089139/GlobalFloodExposure/TZA/FloodPop_TZA_680.tif
FloodPop_TZA_681.tif,https://datacatalogfiles.worldbank.org/ddh-published/0062763/2/DR0089139/GlobalFloodExposure/TZA/FloodPop_TZA_681.tif
FloodPop_TZA_682.tif,https://datacatalogfiles.worldbank.org/ddh-published/0062763/2/DR0089139/GlobalFloodExposure/TZA/FloodPop_TZA_682.tif
FloodPop_TZA_683.tif,https://datacatalogfiles.worldbank.org/ddh-published/0062763/2/DR0089139/GlobalFloodExposure/TZA/FloodPop_TZA_683.tif
FloodPop_TZA_684.tif,https://datacatalogfiles.worldbank.org/ddh-published/0062763/2/DR0089139/GlobalFloodExposure/TZA/FloodPop_TZA_684.tif
FloodPop_TZA_685.tif,https://datacatalogfiles.worldbank.org/ddh-published/0062763/2/DR0089139/GlobalFloodExposure/TZA/FloodPop_TZA_685.tif
FloodPop_TZA_686.tif,https://datacatalogfiles.worldbank.org/ddh-published/0062763/2/DR0089139/GlobalFloodExposure/TZA/FloodPop_TZA_686.tif
FloodPop_TZA_687.tif,https://datacatalogfiles.worldbank.org/ddh-published/0062763/2/DR0089139/GlobalFloodExposure/TZA/FloodPop_TZA_687.tif
FloodPop_TZA_688.tif,https://datacatalogfiles.worldbank.org/ddh-published/0062763/2/DR0089139/GlobalFloodExposure/TZA/FloodPop_TZA_688.tif
FloodPop_TZA_689.tif,https://datacatalogfiles.worldbank.org/ddh-published/0062763/2/DR0089139/GlobalFloodExposure/TZA/FloodPop_TZA_689.tif
FloodPop_TZA_690.tif,https://datacatalogfiles.worldbank.org/ddh-published/0062763/2/DR0089139/GlobalFloodExposure/TZA/FloodPop_TZA_690.tif
FloodPop_TZA_691.tif,https://datacatalogfiles.worldbank.org/ddh-published/0062763/2/DR0089139/GlobalFloodExposure/TZA/FloodPop_TZA_691.tif
FloodPop_TZA_692.tif,https://datacatalogfiles.worldbank.org/ddh-published/0062763/2/DR0089139/GlobalFloodExposure/TZA/FloodPop_TZA_692.tif
FloodPop_UGA_1817.tif,https://datacatalogfiles.worldbank.org/ddh-published/0062763/2/DR0089139/GlobalFloodExposure/UGA/FloodPop_UGA_1817.tif
FloodPop_UGA_1818.tif,https://datacatalogfiles.worldbank.org/ddh-published/0062763/2/DR0089139/GlobalFloodExposure/UGA/FloodPop_UGA_1818.tif
FloodPop_UGA_1819.tif,https://datacatalogfiles.worldbank.org/ddh-published/0062763/2/DR0089139/GlobalFloodExposure/UGA/FloodPop_UGA_1819.tif
FloodPop_UGA_1820.tif,https://datacatalogfiles.worldbank.org/ddh-published/0062763/2/DR0089139/GlobalFloodExposure/UGA/FloodPop_UGA_1820.tif
FloodPop_UKR_1022.tif,https://datacatalogfiles.worldbank.org/ddh-published/0062763/2/DR0089139/GlobalFloodExposure/UKR/FloodPop_UKR_1022.tif
FloodPop_UKR_1903.tif,https://datacatalogfiles.worldbank.org/ddh-published/0062763/2/DR0089139/GlobalFloodExposure/UKR/FloodPop_UKR_1903.tif
FloodPop_UKR_1904.tif,https://datacatalogfiles.worldbank.org/ddh-published/0062763/2/DR0089139/GlobalFloodExposure/UKR/FloodPop_UKR_1904.tif
FloodPop_UKR_910.tif,https://datacatalogfiles.worldbank.org/ddh-published/0062763/2/DR0089139/GlobalFloodExposure/UKR/FloodPop_UKR_910.tif
FloodPop_UKR_911.tif,https://datacatalogfiles.worldbank.org/ddh-published/0062763/2/DR0089139/GlobalFloodExposure/UKR/FloodPop_UKR_911.tif
FloodPop_UKR_912.tif,https://datacatalogfiles.worldbank.org/ddh-published/0062763/2/DR0089139/GlobalFloodExposure/UKR/FloodPop_UKR_912.tif
FloodPop_UKR_913.tif,https://datacatalogfiles.worldbank.org/ddh-published/0062763/2/DR0089139/GlobalFloodExposure/UKR/FloodPop_UKR_913.tif
FloodPop_UKR_914.tif,https://datacatalogfiles.worldbank.org/ddh-published/0062763/2/DR0089139/GlobalFloodExposure/UKR/FloodPop_UKR_914.tif
FloodPop_UKR_915.tif,https://datacatalogfiles.worldbank.org/ddh-published/0062763/2/DR0089139/GlobalFloodExposure/UKR/FloodPop_UKR_915.tif
FloodPop_UKR_916.tif,https://datacatalogfiles.worldbank.org/ddh-published/0062763/2/DR0089139/GlobalFloodExposure/UKR/FloodPop_UKR_916.tif
FloodPop_UKR_917.tif,https://datacatalogfiles.worldbank.org/ddh-published/0062763/2/DR0089139/GlobalFloodExposure/UKR/FloodPop_UKR_917.tif
FloodPop_UKR_918.tif,https://datacatalogfiles.worldbank.org/ddh-published/0062763/2/DR0089139/GlobalFloodExposure/UKR/FloodPop_UKR_918.tif
FloodPop_UKR_919.tif,https://datacatalogfiles.worldbank.org/ddh-published/0062763/2/DR0089139/GlobalFloodExposure/UKR/FloodPop_UKR_919.tif
FloodPop_UKR_920.tif,https://datacatalogfiles.worldbank.org/ddh-published/0062763/2/DR0089139/GlobalFloodExposure/UKR/FloodPop_UKR_920.tif
FloodPop_UKR_921.tif,https://datacatalogfiles.worldbank.org/ddh-published/0062763/2/DR0089139/GlobalFloodExposure/UKR/FloodPop_UKR_921.tif
FloodPop_UKR_922.tif,https://datacatalogfiles.worldbank.org/ddh-published/0062763/2/DR0089139/GlobalFloodExposure/UKR/FloodPop_UKR_922.tif
FloodPop_UKR_923.tif,https://datacatalogfiles.worldbank.org/ddh-published/0062763/2/DR0089139/GlobalFloodExposure/UKR/FloodPop_UKR_923.tif
FloodPop_UKR_924.tif,https://datacatalogfiles.worldbank.org/ddh-published/0062763/2/DR0089139/GlobalFloodExposure/UKR/FloodPop_UKR_924.tif
FloodPop_UKR_925.tif,https://datacatalogfiles.worldbank.org/ddh-published/0062763/2/DR0089139/GlobalFloodExposure/UKR/FloodPop_UKR_925.tif
FloodPop_UKR_926.tif,https://datacatalogfiles.worldbank.org/ddh-published/0062763/2/DR0089139/GlobalFloodExposure/UKR/FloodPop_UKR_926.tif
FloodPop_UKR_927.tif,https://datacatalogfiles.worldbank.org/ddh-published/0062763/2/DR0089139/GlobalFloodExposure/UKR/FloodPop_UKR_927.tif
FloodPop_UKR_928.tif,https://datacatalogfiles.worldbank.org/ddh-published/0062763/2/DR0089139/GlobalFloodExposure/UKR/FloodPop_UKR_928.tif
FloodPop_UKR_929.tif,https://datacatalogfiles.worldbank.org/ddh-published/0062763/2/DR0089139/GlobalFloodExposure/UKR/FloodPop_UKR_929.tif
FloodPop_UKR_930.tif,https://datacatalogfiles.worldbank.org/ddh-published/0062763/2/DR0089139/GlobalFloodExposure/UKR/FloodPop_UKR_930.tif
FloodPop_UKR_931.tif,https://datacatalogfiles.worldbank.org/ddh-published/0062763/2/DR0089139/GlobalFloodExposure/UKR/FloodPop_UKR_931.tif
FloodPop_UKR_932.tif,https://datacatalogfiles.worldbank.org/ddh-published/0062763/2/DR0089139/GlobalFloodExposure/UKR/FloodPop_UKR_932.tif
FloodPop_UKR_933.tif,https://datacatalogfiles.worldbank.org/ddh-published/0062763/2/DR0089139/GlobalFloodExposure/UKR/FloodPop_UKR_933.tif
FloodPop_URY_1381.tif,https://datacatalogfiles.worldbank.org/ddh-published/0062763/2/DR0089139/GlobalFloodExposure/URY/FloodPop_URY_1381.tif
FloodPop_URY_1382.tif,https://datacatalogfiles.worldbank.org/ddh-published/0062763/2/DR0089139/GlobalFloodExposure/URY/FloodPop_URY_1382.tif
FloodPop_URY_1383.tif,https://datacatalogfiles.worldbank.org/ddh-published/0062763/2/DR0089139/GlobalFloodExposure/URY/FloodPop_URY_1383.tif
FloodPop_URY_1384.tif,https://datacatalogfiles.worldbank.org/ddh-published/0062763/2/DR0089139/GlobalFloodExposure/URY/FloodPop_URY_1384.tif
FloodPop_URY_1385.tif,https://datacatalogfiles.worldbank.org/ddh-published/0062763/2/DR0089139/GlobalFloodExposure/URY/FloodPop_URY_1385.tif
FloodPop_URY_1386.tif,https://datacatalogfiles.worldbank.org/ddh-published/0062763/2/DR0089139/GlobalFloodExposure/URY/FloodPop_URY_1386.tif
FloodPop_URY_1387.tif,https://datacatalogfiles.worldbank.org/ddh-published/0062763/2/DR0089139/GlobalFloodExposure/URY/FloodPop_URY_1387.tif
FloodPop_URY_1388.tif,https://datacatalogfiles.worldbank.org/ddh-published/0062763/2/DR0089139/GlobalFloodExposure/URY/FloodPop_URY_1388.tif
FloodPop_URY_1389.tif,https://datacatalogfiles.worldbank.org/ddh-published/0062763/2/DR0089139/GlobalFloodExposure/URY/FloodPop_URY_1389.tif
FloodPop_URY_1390.tif,https://datacatalogfiles.worldbank.org/ddh-published/0062763/2/DR0089139/GlobalFloodExposure/URY/FloodPop_URY_1390.tif
FloodPop_URY_1391.tif,https://datacatalogfiles.worldbank.org/ddh-published/0062763/2/DR0089139/GlobalFloodExposure/URY/FloodPop_URY_1391.tif
FloodPop_URY_1392.tif,https://datacatalogfiles.worldbank.org/ddh-published/0062763/2/DR0089139/GlobalFloodExposure/URY/FloodPop_URY_1392.tif
FloodPop_URY_1393.tif,https://datacatalogfiles.worldbank.org/ddh-published/0062763/2/DR0089139/GlobalFloodExposure/URY/FloodPop_URY_1393.tif
FloodPop_URY_1394.tif,https://datacatalogfiles.worldbank.org/ddh-published/0062763/2/DR0089139/GlobalFloodExposure/URY/FloodPop_URY_1394.tif
FloodPop_URY_1395.tif,https://datacatalogfiles.worldbank.org/ddh-published/0062763/2/DR0089139/GlobalFloodExposure/URY/FloodPop_URY_1395.tif
FloodPop_URY_1396.tif,https://datacatalogfiles.worldbank.org/ddh-published/0062763/2/DR0089139/GlobalFloodExposure/URY/FloodPop_URY_1396.tif
FloodPop_URY_1397.tif,https://datacatalogfiles.worldbank.org/ddh-published/0062763/2/DR0089139/GlobalFloodExposure/URY/FloodPop_URY_1397.tif
FloodPop_URY_1398.tif,https://datacatalogfiles.worldbank.org/ddh-published/0062763/2/DR0089139/GlobalFloodExposure/URY/FloodPop_URY_1398.tif
FloodPop_URY_1399.tif,https://datacatalogfiles.worldbank.org/ddh-published/0062763/2/DR0089139/GlobalFloodExposure/URY/FloodPop_URY_1399.tif
FloodPop_USA_758.tif,https://datacatalogfiles.worldbank.org/ddh-published/0062763/2/DR0089139/GlobalFloodExposure/USA/FloodPop_USA_758.tif
FloodPop_USA_760.tif,https://datacatalogfiles.worldbank.org/ddh-published/0062763/2/DR0089139/GlobalFloodExposure/USA/FloodPop_USA_760.tif
FloodPop_USA_761.tif,https://datacatalogfiles.worldbank.org/ddh-published/0062763/2/DR0089139/GlobalFloodExposure/USA/FloodPop_USA_761.tif
FloodPop_USA_762.tif,https://datacatalogfiles.worldbank.org/ddh-published/0062763/2/DR0089139/GlobalFloodExposure/USA/FloodPop_USA_762.tif
FloodPop_USA_763.tif,https://datacatalogfiles.worldbank.org/ddh-published/0062763/2/DR0089139/GlobalFloodExposure/USA/FloodPop_USA_763.tif
FloodPop_USA_764.tif,https://datacatalogfiles.worldbank.org/ddh-published/0062763/2/DR0089139/GlobalFloodExposure/USA/FloodPop_USA_764.tif
FloodPop_USA_765.tif,https://datacatalogfiles.worldbank.org/ddh-published/0062763/2/DR0089139/GlobalFloodExposure/USA/FloodPop_USA_765.tif
FloodPop_USA_766.tif,https://datacatalogfiles.worldbank.org/ddh-published/0062763/2/DR0089139/GlobalFloodExposure/USA/FloodPop_USA_766.tif
FloodPop_USA_767.tif,https://datacatalogfiles.worldbank.org/ddh-published/0062763/2/DR0089139/GlobalFloodExposure/USA/FloodPop_USA_767.tif
FloodPop_USA_768.tif,https://datacatalogfiles.worldbank.org/ddh-published/0062763/2/DR0089139/GlobalFloodExposure/USA/FloodPop_USA_768.tif
FloodPop_USA_770.tif,https://datacatalogfiles.worldbank.org/ddh-published/0062763/2/DR0089139/GlobalFloodExposure/USA/FloodPop_USA_770.tif
FloodPop_USA_771.tif,https://datacatalogfiles.worldbank.org/ddh-published/0062763/2/DR0089139/GlobalFloodExposure/USA/FloodPop_USA_771.tif
FloodPop_USA_772.tif,https://datacatalogfiles.worldbank.org/ddh-published/0062763/2/DR0089139/GlobalFloodExposure/USA/FloodPop_USA_772.tif
FloodPop_USA_773.tif,https://datacatalogfiles.worldbank.org/ddh-published/0062763/2/DR0089139/GlobalFloodExposure/USA/FloodPop_USA_773.tif
FloodPop_USA_774.tif,https://datacatalogfiles.worldbank.org/ddh-published/0062763/2/DR0089139/GlobalFloodExposure/USA/FloodPop_USA_774.tif
FloodPop_USA_775.tif,https://datacatalogfiles.worldbank.org/ddh-published/0062763/2/DR0089139/GlobalFloodExposure/USA/FloodPop_USA_775.tif
FloodPop_USA_776.tif,https://datacatalogfiles.worldbank.org/ddh-published/0062763/2/DR0089139/GlobalFloodExposure/USA/FloodPop_USA_776.tif
FloodPop_USA_777.tif,https://datacatalogfiles.worldbank.org/ddh-published/0062763/2/DR0089139/GlobalFloodExposure/USA/FloodPop_USA_777.tif
FloodPop_USA_778.tif,https://datacatalogfiles.worldbank.org/ddh-published/0062763/2/DR0089139/GlobalFloodExposure/USA/FloodPop_USA_778.tif
FloodPop_USA_779.tif,https://datacatalogfiles.worldbank.org/ddh-published/0062763/2/DR0089139/GlobalFloodExposure/USA/FloodPop_USA_779.tif
FloodPop_USA_780.tif,https://datacatalogfiles.worldbank.org/ddh-published/0062763/2/DR0089139/GlobalFloodExposure/USA/FloodPop_USA_780.tif
FloodPop_USA_781.tif,https://datacatalogfiles.worldbank.org/ddh-published/0062763/2/DR0089139/GlobalFloodExposure/USA/FloodPop_USA_781.tif
FloodPop_USA_782.tif,https://datacatalogfiles.worldbank.org/ddh-published/0062763/2/DR0089139/GlobalFloodExposure/USA/FloodPop_USA_782.tif
FloodPop_USA_783.tif,https://datacatalogfiles.worldbank.org/ddh-published/0062763/2/DR0089139/GlobalFloodExposure/USA/FloodPop_USA_783.tif
FloodPop_USA_784.tif,https://datacatalogfiles.worldbank.org/ddh-published/0062763/2/DR0089139/GlobalFloodExposure/USA/FloodPop_USA_784.tif
FloodPop_USA_785.tif,https://datacatalogfiles.worldbank.org/ddh-published/0062763/2/DR0089139/GlobalFloodExposure/USA/FloodPop_USA_785.tif
FloodPop_USA_786.tif,https://datacatalogfiles.worldbank.org/ddh-published/0062763/2/DR0089139/GlobalFloodExposure/USA/FloodPop_USA_786.tif
FloodPop_USA_787.tif,https://datacatalogfiles.worldbank.org/ddh-published/0062763/2/DR0089139/GlobalFloodExposure/USA/FloodPop_USA_787.tif
FloodPop_USA_788.tif,https://datacatalogfiles.worldbank.org/ddh-published/0062763/2/DR0089139/GlobalFloodExposure/USA/FloodPop_USA_788.tif
FloodPop_USA_789.tif,https://datacatalogfiles.worldbank.org/ddh-published/0062763/2/DR0089139/GlobalFloodExposure/USA/FloodPop_USA_789.tif
FloodPop_USA_790.tif,https://datacatalogfiles.worldbank.org/ddh-published/0062763/2/DR0089139/GlobalFloodExposure/USA/FloodPop_USA_790.tif
FloodPop_USA_791.tif,https://datacatalogfiles.worldbank.org/ddh-published/0062763/2/DR0089139/GlobalFloodExposure/USA/FloodPop_USA_791.tif
FloodPop_USA_792.tif,https://datacatalogfiles.worldbank.org/ddh-published/0062763/2/DR0089139/GlobalFloodExposure/USA/FloodPop_USA_792.tif
FloodPop_USA_793.tif,https://datacatalogfiles.worldbank.org/ddh-published/0062763/2/DR0089139/GlobalFloodExposure/USA/FloodPop_USA_793.tif
FloodPop_USA_794.tif,https://datacatalogfiles.worldbank.org/ddh-published/0062763/2/DR0089139/GlobalFloodExposure/USA/FloodPop_USA_794.tif
FloodPop_USA_795.tif,https://datacatalogfiles.worldbank.org/ddh-published/0062763/2/DR0089139/GlobalFloodExposure/USA/FloodPop_USA_795.tif
FloodPop_USA_796.tif,https://datacatalogfiles.worldbank.org/ddh-published/0062763/2/DR0089139/GlobalFloodExposure/USA/FloodPop_USA_796.tif
FloodPop_USA_797.tif,https://datacatalogfiles.worldbank.org/ddh-published/0062763/2/DR0089139/GlobalFloodExposure/USA/FloodPop_USA_797.tif
FloodPop_USA_798.tif,https://datacatalogfiles.worldbank.org/ddh-published/0062763/2/DR0089139/GlobalFloodExposure/USA/FloodPop_USA_798.tif
FloodPop_USA_799.tif,https://datacatalogfiles.worldbank.org/ddh-published/0062763/2/DR0089139/GlobalFloodExposure/USA/FloodPop_USA_799.tif
FloodPop_USA_800.tif,https://datacatalogfiles.worldbank.org/ddh-published/0062763/2/DR0089139/GlobalFloodExposure/USA/FloodPop_USA_800.tif
FloodPop_USA_801.tif,https://datacatalogfiles.worldbank.org/ddh-published/0062763/2/DR0089139/GlobalFloodExposure/USA/FloodPop_USA_801.tif
FloodPop_USA_802.tif,https://datacatalogfiles.worldbank.org/ddh-published/0062763/2/DR0089139/GlobalFloodExposure/USA/FloodPop_USA_802.tif
FloodPop_USA_803.tif,https://datacatalogfiles.worldbank.org/ddh-published/0062763/2/DR0089139/GlobalFloodExposure/USA/FloodPop_USA_803.tif
FloodPop_USA_804.tif,https://datacatalogfiles.worldbank.org/ddh-published/0062763/2/DR0089139/GlobalFloodExposure/USA/FloodPop_USA_804.tif
FloodPop_USA_805.tif,https://datacatalogfiles.worldbank.org/ddh-published/0062763/2/DR0089139/GlobalFloodExposure/USA/FloodPop_USA_805.tif
FloodPop_USA_806.tif,https://datacatalogfiles.worldbank.org/ddh-published/0062763/2/DR0089139/GlobalFloodExposure/USA/FloodPop_USA_806.tif
FloodPop_USA_807.tif,https://datacatalogfiles.worldbank.org/ddh-published/0062763/2/DR0089139/GlobalFloodExposure/USA/FloodPop_USA_807.tif
FloodPop_USA_808.tif,https://datacatalogfiles.worldbank.org/ddh-published/0062763/2/DR0089139/GlobalFloodExposure/USA/FloodPop_USA_808.tif
FloodPop_UZB_368.tif,https://datacatalogfiles.worldbank.org/ddh-published/0062763/2/DR0089139/GlobalFloodExposure/UZB/FloodPop_UZB_368.tif
FloodPop_UZB_369.tif,https://datacatalogfiles.worldbank.org/ddh-published/0062763/2/DR0089139/GlobalFloodExposure/UZB/FloodPop_UZB_369.tif
FloodPop_UZB_370.tif,https://datacatalogfiles.worldbank.org/ddh-published/0062763/2/DR0089139/GlobalFloodExposure/UZB/FloodPop_UZB_370.tif
FloodPop_UZB_371.tif,https://datacatalogfiles.worldbank.org/ddh-published/0062763/2/DR0089139/GlobalFloodExposure/UZB/FloodPop_UZB_371.tif
FloodPop_UZB_372.tif,https://datacatalogfiles.worldbank.org/ddh-published/0062763/2/DR0089139/GlobalFloodExposure/UZB/FloodPop_UZB_372.tif
FloodPop_UZB_373.tif,https://datacatalogfiles.worldbank.org/ddh-published/0062763/2/DR0089139/GlobalFloodExposure/UZB/FloodPop_UZB_373.tif
FloodPop_UZB_374.tif,https://datacatalogfiles.worldbank.org/ddh-published/0062763/2/DR0089139/GlobalFloodExposure/UZB/FloodPop_UZB_374.tif
FloodPop_UZB_375.tif,https://datacatalogfiles.worldbank.org/ddh-published/0062763/2/DR0089139/GlobalFloodExposure/UZB/FloodPop_UZB_375.tif
FloodPop_UZB_376.tif,https://datacatalogfiles.worldbank.org/ddh-published/0062763/2/DR0089139/GlobalFloodExposure/UZB/FloodPop_UZB_376.tif
FloodPop_UZB_377.tif,https://datacatalogfiles.worldbank.org/ddh-published/0062763/2/DR0089139/GlobalFloodExposure/UZB/FloodPop_UZB_377.tif
FloodPop_UZB_378.tif,https://datacatalogfiles.worldbank.org/ddh-published/0062763/2/DR0089139/GlobalFloodExposure/UZB/FloodPop_UZB_378.tif
FloodPop_UZB_379.tif,https://datacatalogfiles.worldbank.org/ddh-published/0062763/2/DR0089139/GlobalFloodExposure/UZB/FloodPop_UZB_379.tif
FloodPop_UZB_380.tif,https://datacatalogfiles.worldbank.org/ddh-published/0062763/2/DR0089139/GlobalFloodExposure/UZB/FloodPop_UZB_380.tif
FloodPop_UZB_381.tif,https://datacatalogfiles.worldbank.org/ddh-published/0062763/2/DR0089139/GlobalFloodExposure/UZB/FloodPop_UZB_381.tif
FloodPop_VEN_225.tif,https://datacatalogfiles.worldbank.org/ddh-published/0062763/2/DR0089139/GlobalFloodExposure/VEN/FloodPop_VEN_225.tif
FloodPop_VEN_226.tif,https://datacatalogfiles.worldbank.org/ddh-published/0062763/2/DR0089139/GlobalFloodExposure/VEN/FloodPop_VEN_226.tif
FloodPop_VEN_227.tif,https://datacatalogfiles.worldbank.org/ddh-published/0062763/2/DR0089139/GlobalFloodExposure/VEN/FloodPop_VEN_227.tif
FloodPop_VEN_228.tif,https://datacatalogfiles.worldbank.org/ddh-published/0062763/2/DR0089139/GlobalFloodExposure/VEN/FloodPop_VEN_228.tif
FloodPop_VEN_229.tif,https://datacatalogfiles.worldbank.org/ddh-published/0062763/2/DR0089139/GlobalFloodExposure/VEN/FloodPop_VEN_229.tif
FloodPop_VEN_230.tif,https://datacatalogfiles.worldbank.org/ddh-published/0062763/2/DR0089139/GlobalFloodExposure/VEN/FloodPop_VEN_230.tif
FloodPop_VEN_231.tif,https://datacatalogfiles.worldbank.org/ddh-published/0062763/2/DR0089139/GlobalFloodExposure/VEN/FloodPop_VEN_231.tif
FloodPop_VEN_232.tif,https://datacatalogfiles.worldbank.org/ddh-published/0062763/2/DR0089139/GlobalFloodExposure/VEN/FloodPop_VEN_232.tif
FloodPop_VEN_233.tif,https://datacatalogfiles.worldbank.org/ddh-published/0062763/2/DR0089139/GlobalFloodExposure/VEN/FloodPop_VEN_233.tif
FloodPop_VNM_1893.tif,https://datacatalogfiles.worldbank.org/ddh-published/0062763/2/DR0089139/GlobalFloodExposure/VNM/FloodPop_VNM_1893.tif
FloodPop_VNM_1894.tif,https://datacatalogfiles.worldbank.org/ddh-published/0062763/2/DR0089139/GlobalFloodExposure/VNM/FloodPop_VNM_1894.tif
FloodPop_VNM_1895.tif,https://datacatalogfiles.worldbank.org/ddh-published/0062763/2/DR0089139/GlobalFloodExposure/VNM/FloodPop_VNM_1895.tif
FloodPop_VNM_1896.tif,https://datacatalogfiles.worldbank.org/ddh-published/0062763/2/DR0089139/GlobalFloodExposure/VNM/FloodPop_VNM_1896.tif
FloodPop_VNM_1897.tif,https://datacatalogfiles.worldbank.org/ddh-published/0062763/2/DR0089139/GlobalFloodExposure/VNM/FloodPop_VNM_1897.tif
FloodPop_VNM_752.tif,https://datacatalogfiles.worldbank.org/ddh-published/0062763/2/DR0089139/GlobalFloodExposure/VNM/FloodPop_VNM_752.tif
FloodPop_VUT_1163.tif,https://datacatalogfiles.worldbank.org/ddh-published/0062763/2/DR0089139/GlobalFloodExposure/VUT/FloodPop_VUT_1163.tif
FloodPop_VUT_1164.tif,https://datacatalogfiles.worldbank.org/ddh-published/0062763/2/DR0089139/GlobalFloodExposure/VUT/FloodPop_VUT_1164.tif
FloodPop_VUT_1165.tif,https://datacatalogfiles.worldbank.org/ddh-published/0062763/2/DR0089139/GlobalFloodExposure/VUT/FloodPop_VUT_1165.tif
FloodPop_VUT_1166.tif,https://datacatalogfiles.worldbank.org/ddh-published/0062763/2/DR0089139/GlobalFloodExposure/VUT/FloodPop_VUT_1166.tif
FloodPop_VUT_1167.tif,https://datacatalogfiles.worldbank.org/ddh-published/0062763/2/DR0089139/GlobalFloodExposure/VUT/FloodPop_VUT_1167.tif
FloodPop_VUT_1168.tif,https://datacatalogfiles.worldbank.org/ddh-published/0062763/2/DR0089139/GlobalFloodExposure/VUT/FloodPop_VUT_1168.tif
FloodPop_YEM_524.tif,https://datacatalogfiles.worldbank.org/ddh-published/0062763/2/DR0089139/GlobalFloodExposure/YEM/FloodPop_YEM_524.tif
FloodPop_YEM_525.tif,https://datacatalogfiles.worldbank.org/ddh-published/0062763/2/DR0089139/GlobalFloodExposure/YEM/FloodPop_YEM_525.tif
FloodPop_YEM_526.tif,https://datacatalogfiles.worldbank.org/ddh-published/0062763/2/DR0089139/GlobalFloodExposure/YEM/FloodPop_YEM_526.tif
FloodPop_YEM_527.tif,https://datacatalogfiles.worldbank.org/ddh-published/0062763/2/DR0089139/GlobalFloodExposure/YEM/FloodPop_YEM_527.tif
FloodPop_YEM_528.tif,https://datacatalogfiles.worldbank.org/ddh-published/0062763/2/DR0089139/GlobalFloodExposure/YEM/FloodPop_YEM_528.tif
FloodPop_YEM_529.tif,https://datacatalogfiles.worldbank.org/ddh-published/0062763/2/DR0089139/GlobalFloodExposure/YEM/FloodPop_YEM_529.tif
FloodPop_YEM_530.tif,https://datacatalogfiles.worldbank.org/ddh-published/0062763/2/DR0089139/GlobalFloodExposure/YEM/FloodPop_YEM_530.tif
FloodPop_YEM_531.tif,https://datacatalogfiles.worldbank.org/ddh-published/0062763/2/DR0089139/GlobalFloodExposure/YEM/FloodPop_YEM_531.tif
FloodPop_YEM_532.tif,https://datacatalogfiles.worldbank.org/ddh-published/0062763/2/DR0089139/GlobalFloodExposure/YEM/FloodPop_YEM_532.tif
FloodPop_YEM_533.tif,https://datacatalogfiles.worldbank.org/ddh-published/0062763/2/DR0089139/GlobalFloodExposure/YEM/FloodPop_YEM_533.tif
FloodPop_YEM_534.tif,https://datacatalogfiles.worldbank.org/ddh-published/0062763/2/DR0089139/GlobalFloodExposure/YEM/FloodPop_YEM_534.tif
FloodPop_YEM_535.tif,https://datacatalogfiles.worldbank.org/ddh-published/0062763/2/DR0089139/GlobalFloodExposure/YEM/FloodPop_YEM_535.tif
FloodPop_YEM_536.tif,https://datacatalogfiles.worldbank.org/ddh-published/0062763/2/DR0089139/GlobalFloodExposure/YEM/FloodPop_YEM_536.tif
FloodPop_YEM_537.tif,https://datacatalogfiles.worldbank.org/ddh-published/0062763/2/DR0089139/GlobalFloodExposure/YEM/FloodPop_YEM_537.tif
FloodPop_YEM_538.tif,https://datacatalogfiles.worldbank.org/ddh-published/0062763/2/DR0089139/GlobalFloodExposure/YEM/FloodPop_YEM_538.tif
FloodPop_YEM_539.tif,https://datacatalogfiles.worldbank.org/ddh-published/0062763/2/DR0089139/GlobalFloodExposure/YEM/FloodPop_YEM_539.tif
FloodPop_YEM_540.tif,https://datacatalogfiles.worldbank.org/ddh-published/0062763/2/DR0089139/GlobalFloodExposure/YEM/FloodPop_YEM_540.tif
FloodPop_YEM_541.tif,https://datacatalogfiles.worldbank.org/ddh-published/0062763/2/DR0089139/GlobalFloodExposure/YEM/FloodPop_YEM_541.tif
FloodPop_YEM_542.tif,https://datacatalogfiles.worldbank.org/ddh-published/0062763/2/DR0089139/GlobalFloodExposure/YEM/FloodPop_YEM_542.tif
FloodPop_YEM_543.tif,https://datacatalogfiles.worldbank.org/ddh-published/0062763/2/DR0089139/GlobalFloodExposure/YEM/FloodPop_YEM_543.tif
FloodPop_YEM_544.tif,https://datacatalogfiles.worldbank.org/ddh-published/0062763/2/DR0089139/GlobalFloodExposure/YEM/FloodPop_YEM_544.tif
FloodPop_YEM_545.tif,https://datacatalogfiles.worldbank.org/ddh-published/0062763/2/DR0089139/GlobalFloodExposure/YEM/FloodPop_YEM_545.tif
FloodPop_ZAF_1623.tif,https://datacatalogfiles.worldbank.org/ddh-published/0062763/2/DR0089139/GlobalFloodExposure/ZAF/FloodPop_ZAF_1623.tif
FloodPop_ZAF_1624.tif,https://datacatalogfiles.worldbank.org/ddh-published/0062763/2/DR0089139/GlobalFloodExposure/ZAF/FloodPop_ZAF_1624.tif
FloodPop_ZAF_1625.tif,https://datacatalogfiles.worldbank.org/ddh-published/0062763/2/DR0089139/GlobalFloodExposure/ZAF/FloodPop_ZAF_1625.tif
FloodPop_ZAF_1626.tif,https://datacatalogfiles.worldbank.org/ddh-published/0062763/2/DR0089139/GlobalFloodExposure/ZAF/FloodPop_ZAF_1626.tif
FloodPop_ZAF_1627.tif,https://datacatalogfiles.worldbank.org/ddh-published/0062763/2/DR0089139/GlobalFloodExposure/ZAF/FloodPop_ZAF_1627.tif
FloodPop_ZAF_1628.tif,https://datacatalogfiles.worldbank.org/ddh-published/0062763/2/DR0089139/GlobalFloodExposure/ZAF/FloodPop_ZAF_1628.tif
FloodPop_ZAF_1629.tif,https://datacatalogfiles.worldbank.org/ddh-published/0062763/2/DR0089139/GlobalFloodExposure/ZAF/FloodPop_ZAF_1629.tif
FloodPop_ZAF_1630.tif,https://datacatalogfiles.worldbank.org/ddh-published/0062763/2/DR0089139/GlobalFloodExposure/ZAF/FloodPop_ZAF_1630.tif
FloodPop_ZAF_1631.tif,https://datacatalogfiles.worldbank.org/ddh-published/0062763/2/DR0089139/GlobalFloodExposure/ZAF/FloodPop_ZAF_1631.tif
FloodPop_ZMB_822.tif,https://datacatalogfiles.worldbank.org/ddh-published/0062763/2/DR0089139/GlobalFloodExposure/ZMB/FloodPop_ZMB_822.tif
FloodPop_ZMB_823.tif,https://datacatalogfiles.worldbank.org/ddh-published/0062763/2/DR0089139/GlobalFloodExposure/ZMB/FloodPop_ZMB_823.tif
FloodPop_ZMB_824.tif,https://datacatalogfiles.worldbank.org/ddh-published/0062763/2/DR0089139/GlobalFloodExposure/ZMB/FloodPop_ZMB_824.tif
FloodPop_ZMB_825.tif,https://datacatalogfiles.worldbank.org/ddh-published/0062763/2/DR0089139/GlobalFloodExposure/ZMB/FloodPop_ZMB_825.tif
FloodPop_ZMB_826.tif,https://datacatalogfiles.worldbank.org/ddh-published/0062763/2/DR0089139/GlobalFloodExposure/ZMB/FloodPop_ZMB_826.tif
FloodPop_ZMB_827.tif,https://datacatalogfiles.worldbank.org/ddh-published/0062763/2/DR0089139/GlobalFloodExposure/ZMB/FloodPop_ZMB_827.tif
FloodPop_ZMB_828.tif,https://datacatalogfiles.worldbank.org/ddh-published/0062763/2/DR0089139/GlobalFloodExposure/ZMB/FloodPop_ZMB_828.tif
FloodPop_ZMB_829.tif,https://datacatalogfiles.worldbank.org/ddh-published/0062763/2/DR0089139/GlobalFloodExposure/ZMB/FloodPop_ZMB_829.tif
FloodPop_ZMB_830.tif,https://datacatalogfiles.worldbank.org/ddh-published/0062763/2/DR0089139/GlobalFloodExposure/ZMB/FloodPop_ZMB_830.tif
FloodPop_ZMB_831.tif,https://datacatalogfiles.worldbank.org/ddh-published/0062763/2/DR0089139/GlobalFloodExposure/ZMB/FloodPop_ZMB_831.tif
FloodPop_ZWE_614.tif,https://datacatalogfiles.worldbank.org/ddh-published/0062763/2/DR0089139/GlobalFloodExposure/ZWE/FloodPop_ZWE_614.tif
FloodPop_ZWE_615.tif,https://datacatalogfiles.worldbank.org/ddh-published/0062763/2/DR0089139/GlobalFloodExposure/ZWE/FloodPop_ZWE_615.tif
FloodPop_ZWE_616.tif,https://datacatalogfiles.worldbank.org/ddh-published/0062763/2/DR0089139/GlobalFloodExposure/ZWE/FloodPop_ZWE_616.tif
FloodPop_ZWE_617.tif,https://datacatalogfiles.worldbank.org/ddh-published/0062763/2/DR0089139/GlobalFloodExposure/ZWE/FloodPop_ZWE_617.tif
FloodPop_ZWE_618.tif,https://datacatalogfiles.worldbank.org/ddh-published/0062763/2/DR0089139/GlobalFloodExposure/ZWE/FloodPop_ZWE_618.tif
FloodPop_ZWE_619.tif,https://datacatalogfiles.worldbank.org/ddh-published/0062763/2/DR0089139/GlobalFloodExposure/ZWE/FloodPop_ZWE_619.tif
FloodPop_ZWE_620.tif,https://datacatalogfiles.worldbank.org/ddh-published/0062763/2/DR0089139/GlobalFloodExposure/ZWE/FloodPop_ZWE_620.tif
FloodPop_ZWE_621.tif,https://datacatalogfiles.worldbank.org/ddh-published/0062763/2/DR0089139/GlobalFloodExposure/ZWE/FloodPop_ZWE_621.tif
FloodPop_ZWE_622.tif,https://datacatalogfiles.worldbank.org/ddh-published/0062763/2/DR0089139/GlobalFloodExposure/ZWE/FloodPop_ZWE_622.tif
FloodPop_ZWE_623.tif,https://datacatalogfiles.worldbank.org/ddh-published/0062763/2/DR0089139/GlobalFloodExposure/ZWE/FloodPop_ZWE_623.tif
